CREATE DATABASE  IF NOT EXISTS `pawn_shop` /*!40100 DEFAULT CHARACTER SET utf8mb4 COLLATE utf8mb4_0900_ai_ci */ /*!80016 DEFAULT ENCRYPTION='N' */;
USE `pawn_shop`;
-- MySQL dump 10.13  Distrib 8.0.29, for Win64 (x86_64)
--
-- Host: localhost    Database: pawn_shop
-- ------------------------------------------------------
-- Server version	8.0.29

/*!40101 SET @OLD_CHARACTER_SET_CLIENT=@@CHARACTER_SET_CLIENT */;
/*!40101 SET @OLD_CHARACTER_SET_RESULTS=@@CHARACTER_SET_RESULTS */;
/*!40101 SET @OLD_COLLATION_CONNECTION=@@COLLATION_CONNECTION */;
/*!50503 SET NAMES utf8 */;
/*!40103 SET @OLD_TIME_ZONE=@@TIME_ZONE */;
/*!40103 SET TIME_ZONE='+00:00' */;
/*!40014 SET @OLD_UNIQUE_CHECKS=@@UNIQUE_CHECKS, UNIQUE_CHECKS=0 */;
/*!40014 SET @OLD_FOREIGN_KEY_CHECKS=@@FOREIGN_KEY_CHECKS, FOREIGN_KEY_CHECKS=0 */;
/*!40101 SET @OLD_SQL_MODE=@@SQL_MODE, SQL_MODE='NO_AUTO_VALUE_ON_ZERO' */;
/*!40111 SET @OLD_SQL_NOTES=@@SQL_NOTES, SQL_NOTES=0 */;

--
-- Table structure for table `address`
--

DROP TABLE IF EXISTS `address`;
/*!40101 SET @saved_cs_client     = @@character_set_client */;
/*!50503 SET character_set_client = utf8mb4 */;
CREATE TABLE `address` (
  `id` bigint NOT NULL AUTO_INCREMENT,
  `street` varchar(150) DEFAULT NULL,
  `district_id` bigint DEFAULT NULL,
  PRIMARY KEY (`id`),
  KEY `FKqbjwfi50pdenou8j14knnffrh` (`district_id`),
  CONSTRAINT `FKqbjwfi50pdenou8j14knnffrh` FOREIGN KEY (`district_id`) REFERENCES `district` (`id`)
) ENGINE=InnoDB AUTO_INCREMENT=25 DEFAULT CHARSET=utf8mb4 COLLATE=utf8mb4_0900_ai_ci;
/*!40101 SET character_set_client = @saved_cs_client */;

--
-- Dumping data for table `address`
--

LOCK TABLES `address` WRITE;
/*!40000 ALTER TABLE `address` DISABLE KEYS */;
INSERT INTO `address` VALUES (1,'255 - Nguyễn Tất Thành',1),(2,'222 - Hoàng Diệu',3),(3,'1 - Nguyễn Văn Linh',4),(4,'33 - Nguyễn Hoàng',5),(5,'5 - Nguyễn Tri Phương',76),(6,'4 - Huỳnh Thúc Kháng ',66),(7,'55 - Ông Ích Khiêm ',4),(8,'88 - Nguyễn Tri Phương ',3),(9,'1 - Đặng Thai Mai ',4),(10,'5 - Nguyễn Tri Phương',6),(11,'7 - Ông Ích Đường ',7),(12,'5 - Lê Đình Lý',8),(13,'98 - Nguyễn Tri Phương ',88),(14,'554 - Nguyễn Tri Phương',22),(15,'88 - Nguyễn Tri Phương',2),(16,'65 - Phan Tứ',44),(17,'88 - Trần Phú',200),(18,'4 - Lê Đình Dương',33),(19,'858 - Thái Phiên',88),(20,'5 - Nguyễn Chí Thanh',122),(21,NULL,99),(22,NULL,42),(23,'3',11),(24,NULL,92);
/*!40000 ALTER TABLE `address` ENABLE KEYS */;
UNLOCK TABLES;

--
-- Table structure for table `app_role`
--

DROP TABLE IF EXISTS `app_role`;
/*!40101 SET @saved_cs_client     = @@character_set_client */;
/*!50503 SET character_set_client = utf8mb4 */;
CREATE TABLE `app_role` (
  `id` bigint NOT NULL AUTO_INCREMENT,
  `role` varchar(30) DEFAULT NULL,
  PRIMARY KEY (`id`)
) ENGINE=InnoDB AUTO_INCREMENT=3 DEFAULT CHARSET=utf8mb4 COLLATE=utf8mb4_0900_ai_ci;
/*!40101 SET character_set_client = @saved_cs_client */;

--
-- Dumping data for table `app_role`
--

LOCK TABLES `app_role` WRITE;
/*!40000 ALTER TABLE `app_role` DISABLE KEYS */;
INSERT INTO `app_role` VALUES (1,'ROLE_EMPLOYEE'),(2,'ROLE_ADMIN');
/*!40000 ALTER TABLE `app_role` ENABLE KEYS */;
UNLOCK TABLES;

--
-- Table structure for table `app_user`
--

DROP TABLE IF EXISTS `app_user`;
/*!40101 SET @saved_cs_client     = @@character_set_client */;
/*!50503 SET character_set_client = utf8mb4 */;
CREATE TABLE `app_user` (
  `id` bigint NOT NULL AUTO_INCREMENT,
  `password` varchar(150) DEFAULT NULL,
  `username` varchar(50) DEFAULT NULL,
  `employee_id` bigint DEFAULT NULL,
  PRIMARY KEY (`id`),
  UNIQUE KEY `UK_3k4cplvh82srueuttfkwnylq0` (`username`),
  KEY `FKhu43rxudln7ogprgn3pd1bw77` (`employee_id`),
  CONSTRAINT `FKhu43rxudln7ogprgn3pd1bw77` FOREIGN KEY (`employee_id`) REFERENCES `employee` (`id`)
) ENGINE=InnoDB AUTO_INCREMENT=21 DEFAULT CHARSET=utf8mb4 COLLATE=utf8mb4_0900_ai_ci;
/*!40101 SET character_set_client = @saved_cs_client */;

--
-- Dumping data for table `app_user`
--

LOCK TABLES `app_user` WRITE;
/*!40000 ALTER TABLE `app_user` DISABLE KEYS */;
INSERT INTO `app_user` VALUES (1,'$2a$12$2qAvmG2Yu4/x45S9PNaWHeBb.w2RVgvY74sbg0xkWwlwC3gEW8zma','admin',1),(2,'$2a$10$PrI5Gk9L.tSZiW9FXhTS8O8Mz9E97k2FZbFvGFFaSsiTUIl.TCrFu','user2',2),(3,'$2a$10$PrI5Gk9L.tSZiW9FXhTS8O8Mz9E97k2FZbFvGFFaSsiTUIl.TCrFu','user3',3),(4,'$2a$10$PrI5Gk9L.tSZiW9FXhTS8O8Mz9E97k2FZbFvGFFaSsiTUIl.TCrFu','user4',4),(5,'$2a$10$PrI5Gk9L.tSZiW9FXhTS8O8Mz9E97k2FZbFvGFFaSsiTUIl.TCrFu','user5',5),(6,'$2a$10$PrI5Gk9L.tSZiW9FXhTS8O8Mz9E97k2FZbFvGFFaSsiTUIl.TCrFu','user6',6),(7,'$2a$10$PrI5Gk9L.tSZiW9FXhTS8O8Mz9E97k2FZbFvGFFaSsiTUIl.TCrFu','user7',7),(8,'$2a$10$PrI5Gk9L.tSZiW9FXhTS8O8Mz9E97k2FZbFvGFFaSsiTUIl.TCrFu','user8',8),(9,'$2a$10$PrI5Gk9L.tSZiW9FXhTS8O8Mz9E97k2FZbFvGFFaSsiTUIl.TCrFu','user9',9),(10,'$2a$10$PrI5Gk9L.tSZiW9FXhTS8O8Mz9E97k2FZbFvGFFaSsiTUIl.TCrFu','user10',10),(11,'$2a$10$PrI5Gk9L.tSZiW9FXhTS8O8Mz9E97k2FZbFvGFFaSsiTUIl.TCrFu','user11',11),(12,'$2a$10$PrI5Gk9L.tSZiW9FXhTS8O8Mz9E97k2FZbFvGFFaSsiTUIl.TCrFu','user12',12),(13,'$2a$10$PrI5Gk9L.tSZiW9FXhTS8O8Mz9E97k2FZbFvGFFaSsiTUIl.TCrFu','user13',13),(14,'$2a$10$PrI5Gk9L.tSZiW9FXhTS8O8Mz9E97k2FZbFvGFFaSsiTUIl.TCrFu','user14',14),(15,'$2a$10$PrI5Gk9L.tSZiW9FXhTS8O8Mz9E97k2FZbFvGFFaSsiTUIl.TCrFu','user15',15),(16,'$2a$10$PrI5Gk9L.tSZiW9FXhTS8O8Mz9E97k2FZbFvGFFaSsiTUIl.TCrFu','user16',16),(17,'$2a$10$PrI5Gk9L.tSZiW9FXhTS8O8Mz9E97k2FZbFvGFFaSsiTUIl.TCrFu','user17',17),(18,'$2a$10$PrI5Gk9L.tSZiW9FXhTS8O8Mz9E97k2FZbFvGFFaSsiTUIl.TCrFu','user18',18),(19,'$2a$10$PrI5Gk9L.tSZiW9FXhTS8O8Mz9E97k2FZbFvGFFaSsiTUIl.TCrFu','user19',19),(20,'$2a$10$PrI5Gk9L.tSZiW9FXhTS8O8Mz9E97k2FZbFvGFFaSsiTUIl.TCrFu','user20',20);
/*!40000 ALTER TABLE `app_user` ENABLE KEYS */;
UNLOCK TABLES;

--
-- Table structure for table `city`
--

DROP TABLE IF EXISTS `city`;
/*!40101 SET @saved_cs_client     = @@character_set_client */;
/*!50503 SET character_set_client = utf8mb4 */;
CREATE TABLE `city` (
  `id` bigint NOT NULL AUTO_INCREMENT,
  `name` varchar(100) DEFAULT NULL,
  `prefix` varchar(30) DEFAULT NULL,
  PRIMARY KEY (`id`)
) ENGINE=InnoDB AUTO_INCREMENT=64 DEFAULT CHARSET=utf8mb4 COLLATE=utf8mb4_0900_ai_ci;
/*!40101 SET character_set_client = @saved_cs_client */;

--
-- Dumping data for table `city`
--

LOCK TABLES `city` WRITE;
/*!40000 ALTER TABLE `city` DISABLE KEYS */;
INSERT INTO `city` VALUES (1,'An Giang','Tỉnh'),(2,'Bà Rịa - Vũng Tàu','Tỉnh'),(3,'Bắc Giang','Tỉnh'),(4,'Bắc Cạn','Tỉnh'),(5,'Bạc Liêu','Tỉnh'),(6,'Bắc Ninh','Thành Phố'),(7,'Bến Tre','Tỉnh'),(8,'Bình Định','Tỉnh'),(9,'Bình Dương','Tỉnh'),(10,'Bình Phước','Tỉnh'),(11,'Bình Thuận','Tỉnh'),(12,'Cà Mau','Tỉnh'),(13,'Cần Thơ','Thành Phố'),(14,'Cao Bằng','Tỉnh'),(15,'Đà Nẵng','Thành Phố'),(16,'Đăk Lăk','Tỉnh'),(17,'Đăk Nông','Tỉnh'),(18,'Điện Biên','Tỉnh'),(19,'Đồng Nai','Tỉnh'),(20,'Đồng Tháp','Tỉnh'),(21,'Gia Lai','Tỉnh'),(22,'Hà Giang','Tỉnh'),(23,'Hà Nam','Tỉnh'),(24,'Hà Nội','Thủ Đô'),(25,'Hà Tĩnh','Tỉnh'),(26,'Hải Dương','Thành Phố'),(27,'Hải Phòng','Tỉnh'),(28,'Hậu Giang','Tỉnh'),(29,'Hòa Bình','Tỉnh'),(30,'Hưng Yên','Tỉnh'),(31,'Khánh Hòa','Tỉnh'),(32,'Kiên Giang','Tỉnh'),(33,'Kon Tum','Tỉnh'),(34,'Lai Châu','Tỉnh'),(35,'Lâm Đồng','Tỉnh'),(36,'Lạng Sơn','Tỉnh'),(37,'Lào Cai','Tỉnh'),(38,'Long An ','Tỉnh'),(39,'Nam Định','Tỉnh'),(40,'Nghệ An','Tỉnh'),(41,'Ninh Bình','Tỉnh'),(42,'Ninh Thuận ','Tỉnh'),(43,'Phú Thọ','Tỉnh'),(44,'Phú Yên','Tỉnh'),(45,'Quảng Bình','Tỉnh'),(46,'Quảng Nam','Tỉnh'),(47,'Quảng Ngãi','Tỉnh'),(48,'Quảng Ninh','Tỉnh'),(49,'Quảng Trị','Tỉnh'),(50,'Sóc Trăng','Tỉnh'),(51,'Sơn La','Tỉnh'),(52,'Tây Ninh','Tỉnh'),(53,'Thái Bình','Tỉnh'),(54,'Thái Nguyên','Tỉnh'),(55,'Thanh Hóa','Tỉnh'),(56,'Thừa Thiên Huế','Tỉnh'),(57,'Tiền Giang','Tỉnh'),(58,'Tp Hồ Chí Minh','Thành Phố'),(59,'Trà Vinh','Tỉnh'),(60,'Tuyên Quang','Tỉnh'),(61,'Vĩnh Long','Tỉnh'),(62,'Vĩnh Phúc','Tỉnh'),(63,'Yên Bái','Tỉnh');
/*!40000 ALTER TABLE `city` ENABLE KEYS */;
UNLOCK TABLES;

--
-- Table structure for table `contract`
--

DROP TABLE IF EXISTS `contract`;
/*!40101 SET @saved_cs_client     = @@character_set_client */;
/*!50503 SET character_set_client = utf8mb4 */;
CREATE TABLE `contract` (
  `id` bigint NOT NULL AUTO_INCREMENT,
  `code` varchar(30) DEFAULT NULL,
  `end_date` date DEFAULT NULL,
  `interest_rate` double DEFAULT NULL,
  `item_price` double DEFAULT NULL,
  `liquidation_price` double DEFAULT NULL,
  `return_date` date DEFAULT NULL,
  `start_date` date DEFAULT NULL,
  `status` int NOT NULL,
  `type` bit(1) DEFAULT NULL,
  `customer_id` bigint DEFAULT NULL,
  `employee_id` bigint DEFAULT NULL,
  `pawn_item_id` bigint DEFAULT NULL,
  PRIMARY KEY (`id`),
  KEY `FKq28qogy68douoc4gkgcy3ow9p` (`customer_id`),
  KEY `FKr2iw6grixlkbx43q2svdrhbb9` (`employee_id`),
  KEY `FKlqqwfox97ddihyctcdnwu79ps` (`pawn_item_id`),
  CONSTRAINT `FKlqqwfox97ddihyctcdnwu79ps` FOREIGN KEY (`pawn_item_id`) REFERENCES `pawn_item` (`id`),
  CONSTRAINT `FKq28qogy68douoc4gkgcy3ow9p` FOREIGN KEY (`customer_id`) REFERENCES `customer` (`id`),
  CONSTRAINT `FKr2iw6grixlkbx43q2svdrhbb9` FOREIGN KEY (`employee_id`) REFERENCES `employee` (`id`)
) ENGINE=InnoDB AUTO_INCREMENT=28 DEFAULT CHARSET=utf8mb4 COLLATE=utf8mb4_0900_ai_ci;
/*!40101 SET character_set_client = @saved_cs_client */;

--
-- Dumping data for table `contract`
--

LOCK TABLES `contract` WRITE;
/*!40000 ALTER TABLE `contract` DISABLE KEYS */;
INSERT INTO `contract` VALUES (1,'HD-NV01-1','2022-11-30',5,5000000,NULL,NULL,'2022-03-10',0,_binary '',4,1,1),(2,'HD-NV01-2','2022-01-20',0.3,3000000,NULL,'2022-01-20','2022-01-01',1,_binary '\0',4,1,2),(3,'HD-NV02-3','2022-02-24',0.4,4000000,NULL,'2022-02-24','2022-02-04',1,_binary '\0',3,2,3),(4,'HD-NV02-4','2022-03-18',0.3,12000000,NULL,'2022-03-18','2022-03-14',1,_binary '\0',4,1,4),(5,'HD-NV03-5','2022-06-07',0.22,99000000,NULL,'2022-06-07','2022-05-20',1,_binary '\0',5,3,5),(6,'HD-NV04-6','2022-02-07',0.3,1000000,NULL,'2022-02-07','2022-01-13',1,_binary '\0',6,4,6),(7,'HD-NV04-7','2022-01-19',0.3,3500000,4900004,'2022-10-26','2022-01-03',3,_binary '',7,4,7),(8,'HD-NV05-8','2022-07-13',0.3,2500000,NULL,NULL,'2022-07-03',2,_binary '\0',8,5,8),(9,'HD-NV05-9','2022-10-10',0.33,2500000,NULL,NULL,'2022-09-28',0,_binary '\0',9,1,9),(10,'HD-NV06-10','2022-04-10',0.3,1500000,NULL,'2022-04-10','2022-03-28',1,_binary '\0',10,6,10),(11,'HD-NV06-11','2022-09-05',0.3,1000000,NULL,NULL,'2022-08-18',2,_binary '\0',11,1,11),(12,'HD-NV07-12','2022-12-11',0.3,190000000,NULL,NULL,'2022-10-01',2,_binary '\0',12,1,12),(13,'HD-NV07-13','2022-07-05',0.25,1500000,2000000,'2022-07-09','2022-06-01',3,_binary '',13,7,13),(14,'HD-NV07-14','2022-08-02',0.3,2200000,NULL,'2022-08-17','2022-07-12',3,_binary '',14,1,14),(15,'HD-NV04-15','2022-05-19',0.4,2200000,3000000,'2022-05-27','2022-01-12',3,_binary '',15,4,15),(16,'HD-NV03-16','2022-02-19',0.31,1400000,1900000,'2022-02-25','2022-02-03',3,_binary '',16,3,16),(17,'HD-NV02-17','2022-10-13',0.3,13000000,NULL,NULL,'2022-10-03',2,_binary '\0',17,1,17),(18,'HD-NV02-18','2022-11-10',0.3,6000000,NULL,NULL,'2022-10-16',0,_binary '',18,1,18),(19,'HD-NV01-19','2022-11-10',0.3,6000000,6180000,'2022-10-26','2022-10-16',1,_binary '',19,1,19),(20,'HD-NV01-20','2022-08-12',0.27,2000000,3000000,'2022-08-18','2022-06-16',3,_binary '',20,1,20),(21,'HD-NV09-22','2022-11-25',0.25,1000000,NULL,NULL,'2022-10-26',0,_binary '\0',21,9,21),(22,'HD-NV01-22','2022-11-05',0.2,12332,12332,'2022-10-26','2022-10-26',1,_binary '\0',1,1,22),(23,'HD-NV05-23','2022-11-05',0.2,1111111111,1111111111,'2022-10-26','2022-10-26',1,_binary '\0',1,5,23),(24,'HD-NV05-25','2022-11-04',0.2,5000000,NULL,NULL,'2022-10-26',0,_binary '\0',22,5,24),(25,'HD-NV05-25','2022-11-25',0.3,5000000,5000000,'2022-10-26','2022-10-26',1,_binary '\0',1,5,25),(26,'HD-NV01-26','2022-11-03',0.2,1111111111,NULL,NULL,'2022-10-26',0,_binary '\0',1,1,26),(27,NULL,'2022-10-26',NULL,NULL,NULL,NULL,'2022-10-26',4,_binary '\0',24,1,27);
/*!40000 ALTER TABLE `contract` ENABLE KEYS */;
UNLOCK TABLES;

--
-- Table structure for table `customer`
--

DROP TABLE IF EXISTS `customer`;
/*!40101 SET @saved_cs_client     = @@character_set_client */;
/*!50503 SET character_set_client = utf8mb4 */;
CREATE TABLE `customer` (
  `id` bigint NOT NULL AUTO_INCREMENT,
  `code` varchar(30) DEFAULT NULL,
  `date_of_birth` date DEFAULT NULL,
  `email` varchar(100) DEFAULT NULL,
  `gender` bit(1) DEFAULT NULL,
  `id_card` varchar(30) DEFAULT NULL,
  `img_url` text,
  `name` varchar(100) DEFAULT NULL,
  `phone_number` varchar(30) DEFAULT NULL,
  `status` bit(1) DEFAULT NULL,
  `address_id` bigint DEFAULT NULL,
  PRIMARY KEY (`id`),
  KEY `FKglkhkmh2vyn790ijs6hiqqpi` (`address_id`),
  CONSTRAINT `FKglkhkmh2vyn790ijs6hiqqpi` FOREIGN KEY (`address_id`) REFERENCES `address` (`id`)
) ENGINE=InnoDB AUTO_INCREMENT=25 DEFAULT CHARSET=utf8mb4 COLLATE=utf8mb4_0900_ai_ci;
/*!40101 SET character_set_client = @saved_cs_client */;

--
-- Dumping data for table `customer`
--

LOCK TABLES `customer` WRITE;
/*!40000 ALTER TABLE `customer` DISABLE KEYS */;
INSERT INTO `customer` VALUES (1,'KH-1','1998-10-01','01662121970ax@gmail.com',_binary '','20117440','https://firebasestorage.googleapis.com/v0/b/upload-img-27847.appspot.com/o/n1.webp?alt=media&token=c01eb96d-2faf-4b1f-84ca-25c8901e9650,','Trần Hoàng Long','0764052051',_binary '',1),(2,'KH-2','1998-10-01','sonlh@gmail.com',_binary '\0','77337733','https://firebasestorage.googleapis.com/v0/b/upload-img-27847.appspot.com/o/16666639976845ac8e6b271a4d98e71294dcd048971d4.jpg?alt=media&token=b53574d8-a715-4bc8-8507-7d100febdfa9,','Hồng Sơn','0764052052',_binary '',2),(3,'KH-3','1998-10-01','phucnhd@gmail.com',_binary '','545454545','https://firebasestorage.googleapis.com/v0/b/upload-img-27847.appspot.com/o/n2.jpg?alt=media&token=00fde98c-b86f-4393-96c2-3a0e5d5a5672,','Đa Phúc','0764052053',_binary '',3),(4,'KH-4','1998-10-01','nhannt@gmail.com',_binary '','9898989898','https://firebasestorage.googleapis.com/v0/b/upload-img-27847.appspot.com/o/n5.jpg?alt=media&token=e0144b17-37bf-47c2-acae-6d520239c67b,','Trọng Nhân','0764052054',_binary '',4),(5,'KH-5','1998-10-01','taila@gmail.com',_binary '','991119191','https://firebasestorage.googleapis.com/v0/b/upload-img-27847.appspot.com/o/n6.jpg?alt=media&token=37b86a94-d8a3-41fa-a4f2-732e88a67d29,','Anh Tài','0764052055',_binary '',5),(6,'KH-6','1998-10-01','hoanlv@gmail.com',_binary '','765434678','https://firebasestorage.googleapis.com/v0/b/upload-img-27847.appspot.com/o/n7.jfif?alt=media&token=906e1e33-999e-4747-b761-1eaf55ae7b02,','Văn Hoàn','0764052056',_binary '',6),(7,'KH-7','1998-10-01','duyennh@gmail.com',_binary '','89245623485','https://firebasestorage.googleapis.com/v0/b/upload-img-27847.appspot.com/o/1666665207248Ngoan_Studio-1883.jpg?alt=media&token=103335a5-41bb-4b38-b45b-748dfba21bf2,','Hà Duyên','0764052057',_binary '',7),(8,'KH-8','1998-10-01','tridm@gmail.com',_binary '','8473587','https://firebasestorage.googleapis.com/v0/b/upload-img-27847.appspot.com/o/1666665791486images.jpg?alt=media&token=413a8d9c-e660-4ba6-8236-32ec2c8b5424,','Minh Trí','0764052058',_binary '',8),(9,'KH-9','1998-10-01','tritt@gmail.com',_binary '','378264','https://firebasestorage.googleapis.com/v0/b/upload-img-27847.appspot.com/o/1666665874432tiem-chup-anh-the-lay-ngay-dep-nhat-pleiku-gia-lai-chu-de-da-duoc-nhan-tran-minh-phuong-318152.jpg?alt=media&token=b8843e8a-69a6-4217-a208-272c8d12725b,','Thanh Trí','0764052059',_binary '',9),(10,'KH-10','1998-10-01','quynhtx@gmail.com',_binary '','3247467','https://firebasestorage.googleapis.com/v0/b/upload-img-27847.appspot.com/o/1666665992000ngam-nhung-buc-anh-the-lam-can-cuoc-cong-dan-cua-cac-co-cau-hoc-tro-than-thai-dinh-cua-chop-78e-5665478.jpg?alt=media&token=5d39efdc-12b8-4220-89b2-e007b82e4fc2,','Xuân Quỳnh','0764052011',_binary '',10),(11,'KH-11','1998-10-01','longnh@gmail.com',_binary '','32423424','https://firebasestorage.googleapis.com/v0/b/upload-img-27847.appspot.com/o/n10.webp?alt=media&token=48d0048d-367d-4032-9122-0316e1a2e0e0,SELECT%20*%20FROM%20pawn_shop.customer,','Hoàng Long','0764052012',_binary '',11),(12,'KH-12','1998-10-01','truongtq@gmail.com',_binary '','324325666','https://firebasestorage.googleapis.com/v0/b/upload-img-27847.appspot.com/o/n12.webp?alt=media&token=9a0761a9-ec81-43d6-9527-6091df021c28,','Quang Trường','0764052013',_binary '',12),(13,'KH-13','1998-10-01','thucnh@gmail.com',_binary '','555666','https://firebasestorage.googleapis.com/v0/b/upload-img-27847.appspot.com/o/16666663255391.jpg?alt=media&token=1da0f0a5-d5b5-4b24-8797-fd026cfe8ef0,','Hữu Thức','0764052014',_binary '',13),(14,'KH-14','1998-10-01','hungnp@gmail.com',_binary '','6655','https://firebasestorage.googleapis.com/v0/b/upload-img-27847.appspot.com/o/16666663255391.jpg?alt=media&token=1da0f0a5-d5b5-4b24-8797-fd026cfe8ef0,','Phi Hùng','0764052015',_binary '',14),(15,'KH-15','1998-10-01','huynm@gmail.com',_binary '','6555656','https://firebasestorage.googleapis.com/v0/b/upload-img-27847.appspot.com/o/1666666394995B2001800.jpg?alt=media&token=b90e8d3d-7970-47d0-afad-a1a02ee527bf,','Minh Huy','0764052016',_binary '',15),(16,'KH-16','1998-10-01','taint@gmail.com',_binary '','4442222','https://firebasestorage.googleapis.com/v0/b/upload-img-27847.appspot.com/o/n13.jpg?alt=media&token=1cfcbc8b-ce66-4fb8-a884-17b8aa7100ae,','Tấn Tài','0764052017',_binary '',16),(17,'KH-17','1998-10-01','haitt@gmail.com',_binary '','11111227','https://firebasestorage.googleapis.com/v0/b/upload-img-27847.appspot.com/o/1666666692461mau-anh-the-ong-chu-so-mi-trang.jpg?alt=media&token=098b02e0-25a8-4a7b-a733-055bc9498fa6,','Tấn Hải','0764052018',_binary '',17),(18,'KH-18','1998-10-01','congnt@gmail.com',_binary '','33223','https://firebasestorage.googleapis.com/v0/b/upload-img-27847.appspot.com/o/1666666797216anh-the-hong-dang-5-ngoisaovn-w1284-h1921.jpg?alt=media&token=197c5521-df80-4226-b7ec-3ac99e9080e9,','Thanh Công','0764052019',_binary '',18),(19,'KH-19','1998-10-01','tiennvt@gmail.com',_binary '','0055555','https://firebasestorage.googleapis.com/v0/b/upload-img-27847.appspot.com/o/16666668374961275-tai-9915.jpg?alt=media&token=52afc23a-f7ed-41e1-b5dd-09f596c438df,','Thành Tiến','0764052020',_binary '',19),(20,'KH-20','1998-10-01','trongnd@gmail.com',_binary '','2222223','https://firebasestorage.googleapis.com/v0/b/upload-img-27847.appspot.com/o/n6.jpg?alt=media&token=37b86a94-d8a3-41fa-a4f2-732e88a67d29,','Đức Trọng','0764052021',_binary '',20),(21,NULL,NULL,NULL,_binary '',NULL,NULL,'Trương Quang Trường','0122222222',_binary '',21),(22,NULL,NULL,NULL,_binary '',NULL,NULL,'Trương Quang Trường','0124567890',_binary '',22),(23,'KH-021','2000-12-12','01662121970ax@gmail.com',_binary '','201174404','https://firebasestorage.googleapis.com/v0/b/upload-img-27847.appspot.com/o/1666771223173tiem-chup-anh-the-lay-ngay-dep-nhat-pleiku-gia-lai-chu-de-da-duoc-nhan-tran-minh-phuong-318152.jpg?alt=media&token=a5e0912b-cd52-465a-8303-a56900c2d127,','Trần Văn An','0123456789',_binary '',23),(24,NULL,NULL,NULL,_binary '',NULL,NULL,'Trương Quang Long','0764052011',_binary '',24);
/*!40000 ALTER TABLE `customer` ENABLE KEYS */;
UNLOCK TABLES;

--
-- Table structure for table `district`
--

DROP TABLE IF EXISTS `district`;
/*!40101 SET @saved_cs_client     = @@character_set_client */;
/*!50503 SET character_set_client = utf8mb4 */;
CREATE TABLE `district` (
  `id` bigint NOT NULL AUTO_INCREMENT,
  `name` varchar(100) DEFAULT NULL,
  `prefix` varchar(30) DEFAULT NULL,
  `city_id` bigint DEFAULT NULL,
  PRIMARY KEY (`id`),
  KEY `FKsgx09prp6sk2f0we38bf2dtal` (`city_id`),
  CONSTRAINT `FKsgx09prp6sk2f0we38bf2dtal` FOREIGN KEY (`city_id`) REFERENCES `city` (`id`)
) ENGINE=InnoDB AUTO_INCREMENT=256 DEFAULT CHARSET=utf8mb4 COLLATE=utf8mb4_0900_ai_ci;
/*!40101 SET character_set_client = @saved_cs_client */;

--
-- Dumping data for table `district`
--

LOCK TABLES `district` WRITE;
/*!40000 ALTER TABLE `district` DISABLE KEYS */;
INSERT INTO `district` VALUES (1,'An Phú','Huyện',1),(2,'Tân Châu','Thị Xã',1),(3,'Phú Tân','Huyện',1),(4,'Châu Phú','Huyện',1),(5,'Tịnh Biên','Huyện',1),(6,'Tri Tôn','Huyện',1),(7,'Châu Thành','Huyện',1),(8,'Chợ Mới','Huyện',1),(9,'Thoại Sơn','Huyện',1),(10,'Phú Mỹ','Thị Xã',2),(11,'Vũng Tàu','Thành Phố',2),(12,'Bà Rịa','Thành Phố',2),(13,'Đất Đỏ','Huyện',2),(14,'Xuyên Mộc','Huyện',2),(15,'Long Điền','Huyện',2),(16,'Côn Đảo','Huyện',2),(17,'Châu Đức','Huyện',2),(18,'Bắc Giang ','Thành Phố',3),(19,'Yên Thế ','Huyện',3),(20,'Tân Yên','Huyện',3),(21,'Lạng Giang','Huyện',3),(22,'Lục Nam','Huyện',3),(23,'Lục Ngạn','Huyện ',3),(24,'Sơn Động','Huyện',3),(25,'Yên Dũng ','Huyện',3),(26,'Việt Yên','Huyện',3),(27,'Hiệp Hòa ','Huyện',3),(28,'Bắc Kạn','Thị Xã',4),(29,'Ba Bể','Huyện',4),(30,'Bạch Thông','Huyện',4),(31,'Chợ Đồn','Huyện',4),(32,'Na Rì','Huyện',4),(33,'Ngân Sơn','Huyện',4),(34,'Bạc Liêu','Thành Phố',5),(35,'Hồng Dân','Huyện',5),(36,'Phước Long','Huyện',5),(37,'Vĩnh Lợi','Huyện',5),(38,'Giá Rai','Huyện',5),(39,'Đông Hải','Huyện',5),(40,'Hòa Bình','Huyện',5),(41,'Bắc Ninh','Thành Phố',6),(42,'Yên Phong','Huyện',6),(43,'Quế Võ','Huyện',6),(44,'Tiên Du','Huyện',6),(45,'Từ Sơn','Huyện',6),(46,'Thuận Thành','Huyện',6),(47,'Gia Bình','Huyện',6),(48,'Lương Tài','Huyện',6),(49,'Bình Đại','Huyện',7),(50,'Châu Thành','Huyện',7),(51,'Giồng Trôm','Huyện',7),(52,'Ba Tri','Huyện',7),(53,'Chợ Lách','Huyện',7),(54,'Mỏ Cày Nam','Huyện',7),(55,'Mỏ Cày Bắc','Huyện',7),(56,'Thạnh Phú','Huyện',7),(57,'Bến Tre','Thị Xã',7),(58,'Quy Nhơn','Thành Phố',8),(59,'An Nhơn','Thị Xã',8),(60,'Tuy Phước','Huyện',8),(61,'Phù Cát','Huyện',8),(62,'Phù Mỹ','Huyện',8),(63,'Hoài Nhơn','Huyện',8),(64,'Hoài Ân','Huyện',8),(65,'An Lão','Huyện',8),(66,'Tây Sơn','Huyện',8),(67,'Vân Canh ','Huyện',8),(68,'Vĩnh Thạnh','Huyện',8),(69,'Phủ Dầu Một','Thị Xã',9),(70,'Bến Cát','Huyện',9),(71,'Dầu Tiếng','Huyện',9),(72,'Dĩ An','Huyện',9),(73,'Phú Giáo','Huyện',9),(74,'Tân Uyên','Huyện',9),(75,'Thuận An','Huyện',9),(76,'Đồng Xoài','Thành Phố',10),(77,'Phước Long ','Thị Xã',10),(78,'Bình Long','Thị Xã',10),(79,'Chơn Thành','Thị Xã',10),(80,'Đồng Phú ','Huyện',10),(81,'Bù Đốp','Huyện',10),(82,'Bù Gia Mập','Huyện',10),(83,'Lộc Ninh','Huyện',10),(84,'Hớn Quản','Huyện',10),(85,'Phú Riềng','Huyện',10),(86,'Phan Thiết','Thị Xã',11),(87,'Bắc Bình','Huyện',11),(88,'Đức Linh','Huyện',11),(89,'Hàm Tân','Huyện',11),(90,'Hàm Thuận Bắc','Huyện',11),(91,'Hàm Thuận Nam','Huyện',11),(92,'Phú quý','Huyện',11),(93,'Tánh Linh','Huyện',11),(94,'Tuy Phong','Huyện',11),(95,'Cái Nước ','Huyện',12),(96,'Đầm Dơi','Huyện',12),(97,'Năm Căn','Huyện',12),(98,'Ngọc Hiển','Huyện',12),(99,'Phú Tân','Huyện',12),(100,'Thới Bình','Huyện',12),(101,'Trần Văn Thời','Huyện',12),(102,'U Minh','Huyện',12),(103,'Ninh Kiều','Quận',13),(104,'Bình Thủy','Quận',13),(105,'Cái Răng','Quận',13),(106,'Ô Môn','Quận',13),(107,'Phong Điền','Huyện',13),(108,'Cờ Đỏ','Huyện',13),(109,'Vĩnh Thạnh','Huyện',13),(110,'Thốt Nốt','Huyện',13),(111,'Cao Bằng','Thị Xã',14),(112,'Hòa An','Huyện',14),(113,'Quảng Uyên','Huyện',14),(114,'Phục Hòa','Huyện',14),(115,'Trà Lĩnh','Huyện',14),(116,'Thạch An','Huyện',14),(117,'Nguyên Bình ','Huyện',14),(118,'Bảo Lạc','Huyện',14),(119,'Bảo Lâm','Huyện',14),(120,'Trùng Khánh','Huyện',14),(121,'Hạ Lang','Huyện',14),(122,'Thông Nông','Huyện',14),(123,'Hà Quảng','Huyện',14),(124,'Hải Châu','Quận',15),(125,'Cẩm Lệ','Quận',15),(126,'Thanh Khê','Quận',15),(127,'Liên Chiểu','Quận',15),(128,'Ngũ Hành Sơn','Quận',15),(129,'Sơn Trà','Quận',15),(130,'Hòa Vang ','Huyện',15),(131,'Hoàng Sa','Huyện',15),(132,'Krông Ana','Huyện',16),(133,'Ea Kar','Huyện',16),(134,'Krông Búk','Huyện',16),(135,'M\'Dắk','Huyện',16),(136,'Ea H\'Leo','Huyện',16),(137,'Cư M\'Gar','Huyện',16),(138,'Buôn Đôn','Huyện',16),(139,'Ea Súp','Huyện',16),(140,'Krông Bông','Huyện',16),(141,'Krông Năng','Huyện',16),(142,'Lắk','Huyện',16),(143,'Krông Pắc','Huyện',16),(144,'Cư Kuin','Huyện',16),(145,'Buôn Ma Thuột','Thành Phố',16),(146,'Cư Jút','Huyện',17),(147,'Đắk Mil','Huyện',17),(148,'Krông Nô','Huyện',17),(149,'Đắk Song','Huyện',17),(150,'Đắk R\'Lấp','Huyện',17),(151,'Đắk Glong','Huyện',17),(152,'Tuy Đức ','Huyện',17),(153,'Gia Nghĩa','Thị Xã',17),(154,'Điện Biên Phủ','Thành Phố',18),(155,'Mường Lay','Thị Xã',18),(156,'Điện Biên','Huyện',18),(157,'Điện Biên Đông','Huyện',18),(158,'Mường Ảng','Huyện',18),(159,'Mường Chà','Huyện',18),(160,'Mường nhé ','Huyện',18),(161,'Nậm Pồ','Huyện',18),(162,'Tủa Chùa','Huyện',18),(163,'Tuần Giáo','Huyện',18),(164,'Biên Hòa','Thành Phố',19),(165,'Vĩnh An','Thị Xã',19),(166,'Định Quán','Huyện',19),(167,'Long Thành','Huyện',19),(168,'Long Khánh','Huyện',19),(169,'Tân Phú','Huyện',19),(170,'Thống Nhất','Huyện',19),(171,'Xuân Lộc','Huyện',19),(172,'Sa Đéc','Thị Xã',20),(173,'Cao Lãnh','Huyện',20),(174,'Châu Thành','Huyện',20),(175,'Hồng Ngự','Huyện',20),(176,'Lấp Vò','Huyện',20),(177,'Tam Nông','Huyện',20),(178,'Pleiku','Thị Xã',21),(179,'An Khê','Huyện',21),(180,'Ayun Pa','Huyện',21),(181,'Chư Păh','Huyện',21),(182,'Chư Prông','Huyện',21),(183,'Chư Sê','Huyện',21),(184,'KBang','Huyện',21),(185,'Kông Chro','Huyện',21),(186,'Krông Pa','Huyện',21),(187,'Mang Yang','Huyện',21),(188,'Bắc Mê','Huyện',22),(189,'Bắc Quang','Huyện',22),(190,'Hoàng Su Phì','Huyện',22),(191,'Đồng Văn','Huyện',22),(192,'Mèo Vạc','Huyện',22),(193,'Quản Bạ','Huyện',22),(194,'Quang Bình','Huyện',22),(195,'Vị Xuyên','Huyện',22),(196,'Phủ Lý','Thị Xã',23),(197,'Bình Lục','Huyện',23),(198,'Duy Tuyên','Huyện',23),(199,'Kim Bảng','Huyện',23),(200,'Lý Nhân','Huyện',23),(201,'Thanh Liên','Huyện',23),(202,'Bình Chánh','Huyện',58),(203,'Bình Tân','Quận',58),(204,'Bình Thạnh','Quận',58),(205,'Cần Giờ','Huyện',58),(206,'Củ Chi','Huyện',58),(207,'Gò Vấp','Quận',58),(208,'Hóc Môn','Huyện',58),(209,'Nhà Bè','Huyện',58),(210,'Phú Nhuận','Quận',58),(211,'Quận 1','',58),(212,'Quận 10','',58),(213,'Quận 11','',58),(214,'Quận 12','',58),(215,'Quận 2','',58),(216,'Quận 3','',58),(217,'Quận 4','',58),(218,'Quận 5','',58),(219,'Quận 6','',58),(220,'Quận 7','',58),(221,'Quận 8','',58),(222,'Quận 9','',58),(223,'Tân Bình','Quận',58),(224,'Tân Phú','Quận',58),(225,'Thủ Đức','Quận',58),(226,'Ba Đình','Quận',24),(227,'Bắc Từ Liêm','Quận',24),(228,'Cầu Giấy','Quận',24),(229,'Đống Đa','Quận 24',24),(230,'Hà Đông','Quận',24),(231,'	Hai Bà Trưng','Quận',24),(232,'Hoàn Kiếm','Quận',24),(233,'	Hoàng Mai','Quận',24),(234,'Long Biên','Quận',24),(235,'	Nam Từ Liêm','Quận ',24),(236,'Tây Hồ','Quận',24),(237,'Thanh Xuân','Quận ',24),(238,'Sơn Tây','Thị Xã',24),(239,'Ba Vì','Huyện',24),(240,'Chương Mỹ','Huyện',24),(241,'Đan Phượng','Huyện',24),(242,'	Đông Anh','Huyện',24),(243,'Gia Lâm','Huyện',24),(244,'Hoài Đức','Huyện',24),(245,'Mê Linh','Huyện',24),(246,'Mỹ Đức','Huyện',24),(247,'Phú Xuyên','Huyện',24),(248,'Phúc Thọ','Huyện',24),(249,'Quốc Oai','Huyện',24),(250,'Sóc Sơn','Huyện',24),(251,'Thạch Thất','Huyện',24),(252,'Thanh Oai','Huyện',24),(253,'	Thanh Trì','Huyện',24),(254,'Thường Tín','Huyện',24),(255,'Ứng Hoà','Huyện',24);
/*!40000 ALTER TABLE `district` ENABLE KEYS */;
UNLOCK TABLES;

--
-- Table structure for table `employee`
--

DROP TABLE IF EXISTS `employee`;
/*!40101 SET @saved_cs_client     = @@character_set_client */;
/*!50503 SET character_set_client = utf8mb4 */;
CREATE TABLE `employee` (
  `id` bigint NOT NULL AUTO_INCREMENT,
  `address` varchar(150) DEFAULT NULL,
  `code` varchar(30) DEFAULT NULL,
  `date_of_birth` date DEFAULT NULL,
  `email` varchar(100) DEFAULT NULL,
  `gender` bit(1) DEFAULT NULL,
  `id_card` varchar(30) DEFAULT NULL,
  `img_url` text,
  `name` varchar(100) DEFAULT NULL,
  `phone_number` varchar(30) DEFAULT NULL,
  `salary` double DEFAULT NULL,
  `status` bit(1) NOT NULL,
  PRIMARY KEY (`id`)
) ENGINE=InnoDB AUTO_INCREMENT=21 DEFAULT CHARSET=utf8mb4 COLLATE=utf8mb4_0900_ai_ci;
/*!40101 SET character_set_client = @saved_cs_client */;

--
-- Dumping data for table `employee`
--

LOCK TABLES `employee` WRITE;
/*!40000 ALTER TABLE `employee` DISABLE KEYS */;
INSERT INTO `employee` VALUES (1,'255 - Nguyễn Tất Thành - Đà Nẵng','NV01','1991-07-13','01662121970ax@gmail.com',_binary '','123456789111','https://firebasestorage.googleapis.com/v0/b/upload-img-27847.appspot.com/o/1666771362911images.jpg?alt=media&token=defa149a-c793-490a-84d7-14823881e8e6','Trần Hoàng Long','0873654521',200000,_binary ''),(2,'222 - Hoàng Diệu - Đà Nẵng','NV02','1991-07-13','Keongot@gmail.com',_binary '','123456789112','https://firebasestorage.googleapis.com/v0/b/upload-img-27847.appspot.com/o/n2.jpg?alt=media&token=00fde98c-b86f-4393-96c2-3a0e5d5a5672','Nguyễn Văn Thuận','0873654521',200000,_binary ''),(3,'1 - Nguyễn Văn Linh - Đà Nẵng','NV03','1992-08-18','tranvantuan@gmail.com',_binary '','123456789113','https://firebasestorage.googleapis.com/v0/b/upload-img-27847.appspot.com/o/n5.jpg?alt=media&token=e0144b17-37bf-47c2-acae-6d520239c67b','Trần Văn Tuấn','0543654521',300000,_binary ''),(4,'33 - Nguyễn Hoàng - Đà Nẵng','NV04','1993-04-15','tranvantri@gmail.com',_binary '','123456789114','https://firebasestorage.googleapis.com/v0/b/upload-img-27847.appspot.com/o/n6.jpg?alt=media&token=37b86a94-d8a3-41fa-a4f2-732e88a67d29','Trần Văn Trí','093654521',400000,_binary ''),(5,'5 - Nguyễn Tri Phương - Đà Nẵng','NV05','1996-08-08','quocvantam@gmail.com',_binary '','123456789115','https://firebasestorage.googleapis.com/v0/b/upload-img-27847.appspot.com/o/n7.jfif?alt=media&token=906e1e33-999e-4747-b761-1eaf55ae7b02','Quốc Văn Tâm','0794365423',500000,_binary ''),(6,'4 - Huỳnh Thúc Kháng - Đà Nẵng','NV06','1997-09-17','quocvannam@gmail.com',_binary '','123456789116','https://firebasestorage.googleapis.com/v0/b/upload-img-27847.appspot.com/o/n8.jfif?alt=media&token=e8ee3b34-3822-4a7c-9b19-e55c4d28e35d','Nguyễn Quốc nam','0936545213',600000,_binary ''),(7,'55 - Ông Ích Khiêm - Đà Nẵng','NV07','1998-02-12','nguyennhuquynh@gmail.com',_binary '\0','123456789117','https://firebasestorage.googleapis.com/v0/b/upload-img-27847.appspot.com/o/n9.jfif?alt=media&token=e9d6815e-4672-4eb6-940c-600f1dc61c03','Nguyễn Như Quỳnh','0123654521',700000,_binary ''),(8,'88 - Nguyễn Tri Phương - Đà Nẵng','NV08','1993-04-14','nguyenthithuy',_binary '\0','123456789118','https://firebasestorage.googleapis.com/v0/b/upload-img-27847.appspot.com/o/n10.webp?alt=media&token=48d0048d-367d-4032-9122-0316e1a2e0e0','Nguyễn Thị Thuý','0973765521',800000,_binary ''),(9,'1 - Đặng Thai Mai - Đà Nẵng','NV09','1998-03-16','kieuthianhthu@gmail.com',_binary '\0','123456789119','https://firebasestorage.googleapis.com/v0/b/upload-img-27847.appspot.com/o/n12.webp?alt=media&token=9a0761a9-ec81-43d6-9527-6091df021c28','Kiều Thị Anh Thư','0966545521',900000,_binary ''),(10,'5 - Nguyễn Tri Phương - Đà Nẵng','NV10','1990-07-14','nguyenvanhai@gmail.com',_binary '','123456789120','https://firebasestorage.googleapis.com/v0/b/upload-img-27847.appspot.com/o/n13.jpg?alt=media&token=1cfcbc8b-ce66-4fb8-a884-17b8aa7100ae','Nguyễn Văn Hải','0793645888',10000,_binary ''),(11,'7 - Ông Ích Đường - Đà Nẵng','NV12','1991-01-24','nguyennhuhoa@gmail.com',_binary '','123456789121','https://firebasestorage.googleapis.com/v0/b/upload-img-27847.appspot.com/o/n14.jpg?alt=media&token=9306cea3-11ce-4bd4-b446-8f596d9a2e41','Ngyễn Như Hoà',' 0893654521',9000,_binary ''),(12,'5 - Lê Đình Lý - Đà Nẵng','NV13','1988-06-27','nguyenquochung@gmail.com',_binary '','123456789122','https://firebasestorage.googleapis.com/v0/b/upload-img-27847.appspot.com/o/n6.jpg?alt=media&token=37b86a94-d8a3-41fa-a4f2-732e88a67d29','Nguyễn Quốc Hùng','0123654521',8000,_binary ''),(13,'98 - Nguyễn Tri Phương - Đà Nẵng','NV14','1989-05-12','truongtronghoang@gmail.com',_binary '','123456789123','https://firebasestorage.googleapis.com/v0/b/upload-img-27847.appspot.com/o/nhanvien1.jpeg?alt=media&token=efc00015-6822-4276-8cba-4436a92252e5','Trương Trọng Hoàng','0973654987',6000,_binary ''),(14,'554 - Nguyễn Tri Phương - Đà Nẵng','NV15','1995-07-17','nguyenhoangtrongnhan@gmail.com',_binary '','123456789124','https://firebasestorage.googleapis.com/v0/b/upload-img-27847.appspot.com/o/nhanviennu2.jpeg?alt=media&token=44f1c54c-876b-4b3c-8b7c-4f603ddef7e4','Nguyễn Hoàng Trọng Nhân','0936854554',9000,_binary ''),(15,'88 - Nguyễn Tri Phương - Đà Nẵng','NV16','1997-08-02','nguyenduyphuc@gmail.com',_binary '','123456789125','https://firebasestorage.googleapis.com/v0/b/upload-img-27847.appspot.com/o/nhanviennu3.jpeg?alt=media&token=2e26578a-dffc-4ca8-b4a5-07abdc0c3193','Nguyễn Duy Phúc','0795556777',9000,_binary ''),(16,'65 - Phan Tứ - Đà Nẵng','NV17','1999-09-06','levantruong@gmail.com',_binary '','123456789126','https://firebasestorage.googleapis.com/v0/b/upload-img-27847.appspot.com/o/nhanviennu4.jpeg?alt=media&token=947718c8-e517-4c0e-938e-09dbfec05d48','Lê Văn Trường Vũ','0936654521',10000,_binary '\0'),(17,'88 - Trần Phú - Đà Nẵng','NV18','1993-05-21','lenquanvu@gmail.com',_binary '','123456789127','https://firebasestorage.googleapis.com/v0/b/upload-img-27847.appspot.com/o/nhanviennu5.jpg?alt=media&token=a080e9e5-bca2-4cee-9aba-80b4a83d452a','Lê Quan Vũ','0936566614',10000,_binary ''),(18,'4 - Lê Đình Dương - Đà Nẵng','NV19','1994-05-23','nguyenxuandai@gmail.com',_binary '','123456789128','https://firebasestorage.googleapis.com/v0/b/upload-img-27847.appspot.com/o/n12.webp?alt=media&token=9a0761a9-ec81-43d6-9527-6091df021c28','Nguyễn Xuân Đại','0975552142',10000,_binary ''),(19,'858 - Thái Phiên - Đà Nẵng','NV20','1992-03-12','levuanhthu@gmail.com',_binary '\0','123456789129','https://firebasestorage.googleapis.com/v0/b/upload-img-27847.appspot.com/o/n14.jpg?alt=media&token=9306cea3-11ce-4bd4-b446-8f596d9a2e41','Lê Vũ Anh Thư','0893654999',6000,_binary ''),(20,'5employee - Nguyễn Chí Thanh - Đà Nẵng','NV21','1992-03-12','levuanhthu@gmail.com',_binary '\0','123456789130','https://firebasestorage.googleapis.com/v0/b/upload-img-27847.appspot.com/o/nhanvien1.jpeg?alt=media&token=efc00015-6822-4276-8cba-4436a92252e5','Lê Vũ Anh Thư','0893654999',6000,_binary '');
/*!40000 ALTER TABLE `employee` ENABLE KEYS */;
UNLOCK TABLES;

--
-- Table structure for table `finance`
--

DROP TABLE IF EXISTS `finance`;
/*!40101 SET @saved_cs_client     = @@character_set_client */;
/*!50503 SET character_set_client = utf8mb4 */;
CREATE TABLE `finance` (
  `id` bigint NOT NULL AUTO_INCREMENT,
  `current_capital` double DEFAULT NULL,
  `strong_box_money` double DEFAULT NULL,
  PRIMARY KEY (`id`)
) ENGINE=InnoDB AUTO_INCREMENT=2 DEFAULT CHARSET=utf8mb4 COLLATE=utf8mb4_0900_ai_ci;
/*!40101 SET character_set_client = @saved_cs_client */;

--
-- Dumping data for table `finance`
--

LOCK TABLES `finance` WRITE;
/*!40000 ALTER TABLE `finance` DISABLE KEYS */;
INSERT INTO `finance` VALUES (1,-100031107,1500000000);
/*!40000 ALTER TABLE `finance` ENABLE KEYS */;
UNLOCK TABLES;

--
-- Table structure for table `news`
--

DROP TABLE IF EXISTS `news`;
/*!40101 SET @saved_cs_client     = @@character_set_client */;
/*!50503 SET character_set_client = utf8mb4 */;
CREATE TABLE `news` (
  `id` bigint NOT NULL AUTO_INCREMENT,
  `content` text,
  `img_url` text,
  `posting_day` date DEFAULT NULL,
  `status` bit(1) NOT NULL,
  `title` varchar(150) DEFAULT NULL,
  `app_user_id` bigint DEFAULT NULL,
  PRIMARY KEY (`id`),
  KEY `FKkl8syh5xnrhscmbj3fjwum4ha` (`app_user_id`),
  CONSTRAINT `FKkl8syh5xnrhscmbj3fjwum4ha` FOREIGN KEY (`app_user_id`) REFERENCES `app_user` (`id`)
) ENGINE=InnoDB AUTO_INCREMENT=23 DEFAULT CHARSET=utf8mb4 COLLATE=utf8mb4_0900_ai_ci;
/*!40101 SET character_set_client = @saved_cs_client */;

--
-- Dumping data for table `news`
--

LOCK TABLES `news` WRITE;
/*!40000 ALTER TABLE `news` DISABLE KEYS */;
INSERT INTO `news` VALUES (1,'Bạn đang sở hữu một hay vài chiếc xe ô tô hạng sang, siêu xe và băn khoăn giữa vô số các đơn vị cung cấp dịch vụ cầm đồ uy tín lãi suất thấp, hãy cùng điểm qua ngay dịch vụ nhận cầm xe ô tô hạng sang, siêu xe tại hệ thống cầm','https://gahalaw.com/wp-content/uploads/2020/06/Kinh-doanh-cam-do-can-thu-tuc-gi.jpg','0000-00-00',_binary '','Cầm Xe Ô Tô Hạng Sang Siêu Xe Cao Cấp Định Giá Cao Nhất',1),(2,'Bạn đang sở hữu một hay vài chiếc xe ô tô hạng sang, siêu xe và băn khoăn giữa vô số các đơn vị cung cấp dịch vụ cầm đồ uy tín lãi suất thấp, hãy cùng điểm qua ngay dịch vụ nhận cầm xe ô tô hạng sang, siêu xe tại hệ thống cầmXe ô tô là một tài sản có giá trị lớn,\n do đó, khi thực hiện thủ tục vay tiền bằng cách cầm cố tài sản là xe ô tô cũng cần phải hết sức lưu ý để tránh những trường hợp đau thương! Hãy cùng VietMoney bỏ túi ngay các kinh nghiệm cầm ô','https://camdohanoi.vn/wp-content/uploads/2020/10/tuvan.jpg','0000-00-00',_binary '','Kinh nghiệm cầm ô tô an toàn tránh rủi ro bạn cần biết',1),(3,'Bạn đang cần vay vốn làm ăn hay chi tiêu sinh hoạt cần đến tiền mặt nhanh chóng, bạn đang sở hữu một hay vài chiếc xe máy đang trong quá trình vay trả góp ngân hàng và băn khoăn không biết có thể sử dụng dịch vụ cầm xe máy đang trả góp với lãi','https://encrypted-tbn0.gstatic.com/images?q=tbn:ANd9GcTAcnmW2W5C9hHL3rSglHhWDO3x53ygBW7eGA&usqp=CAU','2022-10-10',_binary '','Cầm xe máy đang trả góp nhanh chóng uy tín và lãi suất thấp',1),(4,'Ô tô là một trong những phương tiện được cầm cố nhiều, bởi đây là tài sản lớn và dễ quy đổi thanh khoản vay. Nếu bạn đang gặp vấn đề về tài chính, cần hỗ trợ khoản tiền lớn và đồng thời đang sở hữu xe ô tô BMW, việc cầm xe ô tô','https://encrypted-tbn0.gstatic.com/images?q=tbn:ANd9GcTHz53P-5IUMCIzTYweup6L4iyCsAFMNqVRbA&usqp=CAU','2022-10-10',_binary '','Cầm xe ô tô BMW Model X3, X4, X5, X7 330i, 340i, 730i, 750i',1),(5,'Bạn đang thực hiện dự án kinh doanh, mua nhà hay đầu tư bất động sản,… và cần hỗ trợ lớn về mặt tài chính nhưng không biết phải làm sao? Nếu bạn đang sở hữu cho mình chiếc xe ô tô Lexus, việc cầm cố xe ô tô Lexus để giải quyết vấn đề','https://encrypted-tbn0.gstatic.com/images?q=tbn:ANd9GcSjydSHFfRJuSMkc0peTUp-jqRqI6-oal3ZsQ&usqp=CAU','2022-10-09',_binary '','Cầm xe ô tô Lexus uy tín lãi suất thấp nhận tiền trong 15 phút',1),(6,'Bạn là doanh nghiệp đang cần vay vốn làm ăn hay là cá nhân có mong muốn vay khoản tiền để chi tiêu sinh hoạt cần đến tiền mặt giải ngân nhanh chóng, bạn đang sở hữu một hay vài chiếc xe ô tô và băn khoăn giữa vô số các đơn vị cung cấp','https://storage.googleapis.com/f1-cms/2021/05/9ca2dbd0-20210503_100707.jpg','2022-10-08',_binary '','Thủ tục cầm xe ô tô đang áp dụng tại tiệm cầm đồ hiện nay',1),(7,'Bạn quan tâm đến các xe máy mua thanh lý ở tiệm cầm đồ vì giá tốt hơn so với chính hãng nhưng chất lượng tương đương, nhưng lại đang băn khoăn giữa vô số các đơn vị cung cấp dịch vụ cầm đồ uy tín lãi suất thấp cũng như thủ tục, hồ sơ,','data:image/jpeg;base64,/9j/4AAQSkZJRgABAQAAAQABAAD/2wCEAAkGBxIUEhUUFBQWFhYYGiEaGRkZGSMfGxshGxseHxwgHh4eHisjHhspIBwaIjIjKCosLzAvGSA1OjcuOSkuMiwBCgoKDg0OGxAQHDQnICYuLi4uMC43LDcwLi4uOS4uMDAuLjA6MDAuLjcuLzAuLi4uLDAuMC4uLi4uLi4uMDcuLv/AABEIAKgBLAMBIgACEQEDEQH/xAAcAAABBQEBAQAAAAAAAAAAAAAAAwQFBgcBAgj/xABKEAACAQIEAgUIBwYCCAcBAAABAgMAEQQSITEFEwYiQVFhFDJicXKBkdIHI0KSobGyFTNSgsHRovAWQ1Rzg5PC4SQ0RFNj0/EI/8QAGgEBAQEBAQEBAAAAAAAAAAAAAAIBAwUEBv/EAC4RAAICAQMCBQIFBQAAAAAAAAABAhEhAxIxQVEEEyJhcbHBgZGh0fEFFCNCUv/aAAwDAQACEQMRAD8A2aBSwJLN5zDfuYgflXqRAouWYD1/Cu4TzT7TfqNRHSl4nibDySrE0ykRsxtdha1j2kHKbXueypeFZSVuh9xPEpDE8sjMERSx1107u8nYDxpPg+J50EcvWUSKHC5rkBhcAnvtv/k1nPEeOSy8OxeGxIIngaIMT9tecgBPedte0FT21eOgDE8Pw9/4CPcGIH4AVzjqbpUux2npbdO3zdfpZO8n0m+NHJ9JvjS1Fdj5xHk+k3xo5PpN8aWooBHk+k3xo5PpN8aWooBHk+k3xo5PpN8aWooBHk+k3xo5PpN8aWooBHk+k3xo5PpN8aWooBHk+k3xo5PpN8aWooBHk+k3xo5PpN8aWooBHk+k3xo5PpN8aWrlAZV9IfSXEw4vlwzMirGuYCx6zEntB+zlqsf6Z8Q/2mT4L8tIdLcXzcbiJO+QqPUnUH4KKia8yepJydM93R0YKCtK67E9/pnxD/aZPgvy0f6Z8Q/2mT4L8tQNFTvl3Z18rT/5X5I2X6NsVPPh3lnkZyZCqXsNFUdwH2i3wq38n0m+NQfQLB8rAYde9M5/4hL/APVb3VYa9LTXpVng6zTnKuLEuT6TfGjk+k3xpairOYjyfSb40cn0m+NLUUAjyfSb40cn0m+NLUUAjyfSb40cn0m+NLUUAjyfSb41yDY6k2JGtLUlh/te0aA5hfNPtN+o1CdKMLzskGfDjPmOSaIyFstrlMsqFSM2+p1G1SAxsaA52tq7bHQBm1JA07bX3tpUbjjE88c3lEQWEMSuYE6K4kvY6ABlPu1qWrRcXTsr8/RCOQPAkwFlRJWJzMkaOZAq33N8qgt5qqAc1qunBhFyEEJBjVQq27l09d6YwBQ0pMsfLkBZSOzNYEltrXKgC+t67wnGxxx5ZJYyyFVbLoFzNy0v26spFz49mtTGKTwipzclTZO0Uxg4jG7BVa5IuNDtrY3taxsSD9oAkXAp9XQ5BRRRQBRRRQBRRRQBRRRQBRRRQBRRRQBRRRQHmmvFMWIYJZTsiM5/lUn+lO6qn0mYvl4CUA2LlUHvYFv8Iapm6i2Xpx3TUe7MRue3U9poooryj9GFe4IDI6xru7BR62Nh+JrxU/0DwfNx8AtcK2c+GQFgfvBfjVRVtIjUlti5djdoIgqqo2UAD1AWFK1y9dvXqn5wKKKKAKKK5egO0UXooAooooDlJYf7XtGlaSw/2vaNANFwUbi7qCQzWPaOube8HUHsO1eF4LAGJEYF1KlRopDC2oGh0uB3Anvp7hPNPtN+o0saI18kc3BoMuQxgr1jbWxLvna4G9363rrg4Jh8pXlKVY3IIuDqx2Pdna3dfwFSdFDBnDgI1bMqAEaXH4fAEgdwJAsDTyiigCiiigCiiigCiiigCiiigCiiigEMYbRub26p191Yh+15LG80z3FicxUDS2mS1vjvrvW3Y792/sn8jXzzjpraEq3it/6gflWNmpWS7dIJbWEjffJ/G5P403HHZz/rZPvn+9QcMy31IHrp2vEUCZCsemzBTmPrINiPdWG4Q+HE8QdRNKf+I1/hexrnEJZJFAd3cA3szEgHvsTvqfjTBcVfRUc+6niRYl/NisO80Yvscn4YiAWaN7j7IOnrzKKjXgGa2gvoLjT/AD6tam4+jmIfz3sPCk24DEsgQszPuDuLrrra1tu2puKOsd0mQTQlWys6r32jzAfzEaDxtUhgcDlOdJJQf4lcofVdMpt4VKrwyJnQRoxJNipckOzHwtlF+wH+t7ZheiENzEJxzlBZksSBm1AuTfTMuvdbTWuUna9J6unBaE/86VPjlv8AgheBYXFTN1XmZEILAzML6+aGLecaOKYljM3KknRb2yNI11YaMPO7x267jsqX6FYOOZZBLfJ1cgLW6zKxJGvn5V+F6R4VG0GPWNgGIfISRuG2YdxIIPhcipzVnZzh50kkvSrS74siYsRiAwyySMx0CtI1iSdO/X3VzGpxGJrSScvNqOszG3hratBxPCI/KkxOZQoFmBO73yIfWb5d90QdpqtdOv8Azdv/AIkP+KT+xq8wTZ8cXpeK14rbV8/gHAuCzyxc1sW9tb9Y9W29wCLd/boRTz9jNJDzcPiZJdNrkZrdgudG8D4bb1I9CDG2HYKpvfr3PnEj8BawpPoXi1MMs5VYYjlcD7KARLmsTuNLk9963mmznqzlpylGGFF9l/Ix4OmTDNi5WkkFromc2IJsCQT2k9uw1qXhWPFwZkLRnUXU2KMO+1sw2NjuD2dnjo+0eJwRhN1JVkdftJmvb3gEa948Ka8PH7PhkM7KzM10RDq5AtZQbb9vYo3OlF7cHKfrbcsSxSKS/EJ1uvMcEEq31jGxUkMASexgwvodPdXvCcZaNg0rzOp6tg53JFt2HdTCRySSbEklmttdiWa3gWJPvpTBcO8okSPPk6wa/ZZNWB/lBrlGXqPa1fDqPhX6UnVv5Nq4DiRJhoZACA8asAd9VB18ad4f7XtGmvBMMseHhjW+VI1UX3sFAF/GnWH+17Rr7D8ycwnmn2m/UaWNI4TzT7TfqNLGgZ2iiihhyg0VXemSyrBJNFPJEYo3fKoQhyBcZsyk9nZbesbpWbGNtIsVFZzxLE4qHD4KXyiaVpsRBdeotwyuzICoUEMSB1jbQba1Lt0uBUJJCyO2IXCumZWyl1JDXsQy27LVO9dTo9F8rJbr0XqA6LTqFlw6ZyMO/LzO2ZmuA172FvO22GwAAAqG4R0vmyzPPFouL5C5WHVzMBlP8RW9y2xvptW70uTPKk7rp9y8iu1Vsb0uSN54+WzNE8UagEXleZbqBewXxJ7jUnwTiLyhxJC8Lo2Uq2qm4BBRxo669mxBFFJN0S4NK2S1FFFUSFFFFANuIfupLfwN+Rr5z4Kq4iDrLmk/iFwLEdwNr3vX0djL8t7b5Tb4Vk+BxUssMuflpLcZm6qFwbkAkWFwNLG1tb71E3Remk5KyrcO6Mx3uysVFy2pvYeFTPCOHw5JWyKqKQAcpJHrFz3ihQFjsOUHCFM/OFzc6nKCRtp304wy5eYqPmDrlOVJCdDoR1LX3G/bXFzfc+16Wn3XK/LqejJAFBBZiTaygCxvbW/fUlxaUwItgCT2E7WH+e2o2LhraEJOxGU6xqo6tjpme+/aR21K8TM04UNhwoH8Uw1v3gIfzqXK0K0YzVW11Iv9ryDTICSO4jLpe5B7P+3ZUcimMI8ZBkbMMttb5rWvvZtKsWFgxEZJUYZCdCxzyNbuuxA/Cm5R0bN5REr9gSFFJ8ASSdfCptHRa+nG1GI04DiFjxETt5obU919L+69/dVo430bYzviecscTAF2J1XqhSB2EEDv+0RbvqWHgjMcjM1mXLkW9s1yc34fC9L8Xnw6qqJMzBc98zXtZrIdbAAgnbw0pDiqPU8VDfqRlCVPKdq1VX9yawMiYbD4cvHG7ySczWS3KYrZSbA6BSbnYE95FPOOYrCHEwT85bobPZS1wt2U3Hcbjxz+FV1+I4Mcsxxs4V7t1CylcoBFyT9q5t3Ed1dl6Rx6iDDFdSRYAWumTYqO0K3rXxrsozqq+p50oQ3b3LLvql7VQ9PGlvygHeJcTzgQNSpYuFt2WlNx3hRsTYHSORsS6yLCyZVKszG1wpJ1va2X6z13b+GoDCcVkjNhCNcvnaeY2ZT1Tqb9968cZ6R4gZS2U3BWwOnWBDGwFrkE6+NatLUlivobu8PozUoPjrnt7FpwuJxeFgYBI0VWOYmxckkDsNja9u/Q9xpLNicUrLJLlVHRTHltq7AKSABfU31vYi9UTGdJcVJ+8N9b6g7nt3tevcWPVortM4kP2FQZR1tycpuMuu9yTbS2t/28ly8fJEvF6GZNeq7tL92XleBIhzHEZddLEKSCwy63tqDr3eNMWwmH+vzyXYfu2zXB6jEaqBms1ht2+8VuNwyCyYh2t2A5b9uu1MJJ1tlMDl/G5qfIXdEvx6u3bffCLfxOXAIHEbLqNMwZuxxoSwysTka99NRbTLTLonMpnR1deoGbQ30tlPgBdh77VAQghVUQJmJC3bxNv60p0Jwt8YACM2Hf6wBvshjra3WUm48LpfenlQWbJl/UZvTcEucW3ZvvCWvDGddUG++1LQfa9o14wMgaNCpuCoINe4Pte0a6I845hPNPtN+o0saRwnmn2m/UaWNaawooqG6QdIIsKqtIshzEAZELbkDU+aN9r3PYDWNpZYSbdImaY8YwPOglizZeYjJmte2YWvbtps/GOuVEUpVcpd8hAAZSwK3F3tYKQvWBYab2fYXFCRcwDDWxDKVI9xH47UtPBtNZIjHdHBJFhI+YR5NJFIDl87ki1rX0v77Uz4h0P5hkZZirtOmIRsgIR0XKLi/WG/dVsqM4VxdJzMEDDlStE2a2rKASRYnq6jex8KxxXUqM5rKG/AOCtAZmaQyNK+diVC65QNhpbT/93qIx3RFgmKySuQ8vlMaKi5llBzGxZgGBIAANgO+pxuMDI7iKYlJDGFEZDOQQLrewKG/nkhd7kWp9hMQJEVgGW42dSrDwIOoNZti8G75p7iqQ9DzIskkkriWVopQ2RQ0UkS9XRSVNr2t3Dc70+TAYyMxWmaVnmDTOVVUSNUa6olzlBIUaXNzcmrLRRRS4Meo3ydoovRVnMKKL0UA2x37t/ZP5GscgcNA7ixGUkEbHQ/D1Vs2Jtka+2U39VqyfinDoosPK2HCrGQdAxOraG1ybDbQaVw14uSwXFiGC4aBh4WTMrZAeqxHaT2esfCmq8Wxa6Z762663Ivp2EXqVxEJOHwwV8hWNTqdL8sb2O12B9YG9RfksqkKzqyg7Aai5BW532vpUbHdnRNUN8VxTiK6h0cdyqFP43qIxPHsQ2ZWeZGt3kfArVmmiqI4mLRufA1q+DGZwxxEhAeVmuR584/Jn1p70e4cfLYTni0mBsJFLGzX0Ck61E8NW8sQ9NB/iFSHRRr42A2v9ZcC/gTX0TXpfwcVyXleHyRSvHyI8QZW+qaUXUEBiVHW6ulzci3UFJiCSz4ccoZHJOVLPdXJFzfYEkDwNr2JvNcfxTLFzY2IZcxUgDQ8t+8EfhWbw9IZ1kaUtmZzdjtc94C2APqFRo6s5wuyp8l7ijxFrCU28AB+ZrsfBpj/7x9QNv8IplwPpBPNEZLkWYrYsTsAb3sO+m/FelE0VhdLnYNf+4pundWNqJs8BkO6k+s2/MCvScBZfs5fep/KSqzhOlU76XQHwH9yaR47x3FJkyy5b32Vey3eD31lSfUVEuK8D/wB18bH9LUovCl7XUerX/pFZzheOYp2IM7nqt3DZGI2HeBUSvE8QxOaeY/8AEb+9bsMx2NdOAT+O/wDIf/spGWOBd3/T/wBQNZZimYpHdma4bck3sx76RwsIzpoPOH5is8s212NLnwkEp0JYqCRZgNtRcLYHW29KcAwirjoTlsZIZA57WYsv5BTUZ0c3Oh8xrAdp0tVsW64jCM1gM8ltdSLsu1t+sNKldSuxqfB1AhjA2CgU0xPHIIGKyyBSSWA8LkfmDUhgFtGo8Kw3pNxMYjHYtgbrHMYl8OWqhreGfOffXZEG54TzT7TfqNLGkcJ5p9pv1GljWhgayTiUal5uYJTi/LFIuHI5PMXJa3U5dtr9tvCtbrlqicNxenqbGZx0iE/M4pyuZfLhvMvfLrzMtu3Le9tbXqOVLYad4mvEsmHcpGkuVMsnXK5xckrbMBtYXrWbUWqXp+50WvSqu36UU3oniRLj+ISIWMbCAoSGANo2BIDAaXHvquYWJ1xcjyqxwgxsmYC+kjBckji2sQ0G9gSSfHVKLU2YWTPOpt1ykvsZTilm5c1w3J/aMvNuHIyW6uYJ1jFfe2m1LYHA5zhELtJC2IlyhRIiqnK8wF7MY8wNjexBtrWk4rDrIjI18rAqbEqbEWNiCCPWK9QQhVVReygAXJJ0FtSdSfE08s3z8cFb6BIUgnTrZY8RKkYN7hA3VAzdndVU6PScuU5EkmflSlnXmRzXAJCzo9xzCdFINweytVtXLVuzj2JWtluuTHsE5tNy7qr4GUsqh/3gFwGZyeZMNbsLVJQ4OWMocOJBLJw9mbrMS0gVcp1Pn3vbu2rULUlLGGBU3sRY2JB18RqPWKxafuW/EX0M46JnD+WYQQcwfUPzA2fz+rmvn0z3vfL4eFaWah+F9HYYZOaDI75cgaSRnKre+Vcx0FwPGpg1UItLJy1ZKTtCGPP1Unst+RrEZ8S5wOeUqXygErY369hr2m2/bW3Y/wDdSey35GsL4mScFGDu+QfE3rj4j/X5MgS3H2nISNImKBVuwte65Mttxbq63FR3DiyvkELqCb3OwAzHXTU3Nr9wUdlW7iUjqF5YuSwB8F7TUdhcVI/M5kXLCyMqdYHOo819Nr93ZXQ28UJMhC6770xmWIgiUMVI1CWufjXjEYh/KGWz5NCD2eaCe3vNRnG8bIjxqqFlPnHu8abTLBF4TEwPk0t1NwSF0I2O9KcEk4UJo1gwrJKT1HZibEA66sey9QmImDPlPfa1jewAOa+1je38prmEcRyLIqi6k2J7NO/t7u+smsNGbkWzpMB5M5t/H+KyVj5G9aPxXFs2GYscw1NhpYEEeN96zlCfdVeHVR/Fkydlq6K8Sjjw5R73Mh1tpqFAv8KbcS4hG7EWuLXB3B1Pwpjwk5gE264N/eKlcTFh0lygkuLCxvp1bjsttrVUrsrojzFNgktmD3HZuR+O9OMTxPAy5c6yNlvbs3t3MO4VES4QuzFRcKMza2v/AJtSOK4flLWFivnC9x3aH8fd41u2zLJqLF8PU3WKW+v2u8WO79xNeFxWAHm4dvfb+9RXDYrlzpol9QD9tBsdNiakUmbQdS1xcctPlqWhYq/E8JoOQthte2l96c4FcPJcxphsyi+UyKG07ri343qpdIMKVxEyhTYOVGncSP6Uhw05JVLBgO3sNjvW7VQvJe+jhL4iJCPq3DhjpYWQsCb+kF7KtGLxrZMM5GqNIR7n/wA/Gqd0bZebFe9ua6Dvs0Zt+FWzpDKuSONd15l/uK3xuDUlx5RrfGOKrh8FJiDtHCXA7yFuo95sPfXzZ0SmZonYm5aQkk7kkLc1pH0xcdy8Fw0VxmxIjuPRjVXYj+bl/Gsy6GH6hv8AeH9K10RDWT6pwnmn2m/UaWNI4TzT7TfqNLGgZUvpJ41icLhBLh1UtzY1JYgZQzgbFTe98vhe/Zaqx0r6acvE685Xw0cbzxpi441RpLOyxo6f+KbJcG+gAGXKzXq99K+BLjMM8DO0eYqwdQCVZGDKbHQi4GlQWL6Bs0pnTFvHLKkaYhuTE3OMS5Q6h1Iici/m6eFDBrxX6RHjOKaPBmaHDGIySiZVukqK4ZVK3LDN5u2m42qzdJuNNhsMcQsJlRLNIA1mWO/XcCxzFR1sumgOoqLxvQiORcevNYDGiMNZR1OUgUZew3AqU6R8C8qw3kxkZI2KiQr5zopBZL36oa1ie647aArs30jKMOMQIOrNOYcLnkCCZVveV2cARR6Nvc7aa1N9Duky46FnChHjkaKRQ4kUMtj1XXR0IIIbSol/o9i5IhSZ0WOcz4chVPILXvGAwIeK7HqsO3c1YeAcKaCIo8xlYsWLmNIxqALBY1ACi3bc6nXawFO4b9JU8yYV14c2XFZ1hPlCayRlgQ11GWPqnr76GynS7rEdNnkwLyCHlSc2TDSZsRHGkDpcM3OdSp7MtkNz2U94P0FjgjwEayuwwbyOpKjr83PcHutnO3dTaT6PVBWSPEOkqYmbEo2RWUGcAOpRuqbAaMdRQCPR3pzHysCpjkEcwlQyyTcwpJACWDPY8wMFYh76227pfB9KWbhbcQaApaJ5liL3JVcxW7ZdMygHY2zdtVfpV0LYYCPh0SzTGXEGQT2UCHM/1jSWI3R5AAo11FhoDfOJcGjkwcmEX6uNoTCMo81SuUWHgKAqSdP8SzhF4cxd8OMTEDiEAaP7Rc5eow0AAzXzC+XUiQ4P06XESwxpCQJcGcXmL6iz5DHbLrrfrX91PML0SRJoZeYxMeE8kAsLEXBz+vq7VFxfR7yxhzDi5IXhgOHZwiMZI2bNazghWv2i9AI4r6RWXCQYkYZAJozIeZiUiUZb9RGYXkkNtFCga71ceDcRXEQRToCFlRZADuAwBsbdovVOX6NVUQ8vFSIY8OcKzZEbPGzljYMCEe7EZhfTuq3dH+GDDYaGAMXESBAxFiQosCR30A6x37t/ZP5GsM4iumFjHbNGvuFbljf3T+y35GsMmN8RhF9O/wB0A18+srnFFR4ZcZZuta9M+KTiIjm3S5AGYWvfb8j8KgeKTYpMRmiJKADuuCD4+6oTH9I52lkebEFk0GRrgNZiChCkAKDe5uPOGhvXVV1G19C0pg3lLTrKOXvY7Hq/kN7m1QvF54kkIMi5lXrEdYKDqRodW0HVuN/ihgOO81HVp0CKtyqhbW9S9a+gNzfc05i4Jw9sM4kxaxTPqEGU22y5iRqdWuFIAz2OqgjvUWsHzpz31IgJOJRsGZX0Gh0ItfbceBpgzAsoQ3zEa3uLjcD3WvvTDCSiNetGrljYg7C2x1GtrsbU+xHDZChy8tiARlU2y+oG1207O7trm0rOqjKXCJOGGeSOSBUvJl0UbnrLftsdATVXbhsi3UgZlOVh3G9rfGrR9H3EFTFIkgkVz1BcWAJubHYi+Udn2/C5hsTHNLOzJGS5kYNY9Uk3bQ6dmbfsUVaiksE9aHGFw3JhUyhQQzyDrAl1+qtYg+LW99McVKXkMqnL366kFcp27xf41LcP6Q4hoyihWAGuZEJ1Olyy63sa6eLz/aw2HYdt8Ohtr4WrEu5Un2GDYnJErqRqpjZdcwPYTcWII7u5tBUZiJ5bkl7qx12/tV96OBMRMqS4TDBDYMREQbMygAHNa5JHwqldJY+VKY1ChQqXtqGLRozEepiaYMJDovgRNI68xUOQhAQSGNwxBI1GgGwP4UxxM7RMyNlLKTrmBBsSDYgajTupbhKrJHh0jEonMzhXiNnsVQHtHePtD8aX49whIUw8c4aAqJGe4ztISy+bl6u3eRbxNZSNsa4LEyzzXRc8krsMq6ksxzHS1/H3HuNOukPRjGxZGlhPWuRk64FtxePML7HUjfwNWToV0i4bhoxEMK0srLeWVwoZV6txe+q7HKN7gdY727jvTeCOFIsHyyHuZOoTl2tcaXbwvplrMI1JszDotJmKNfaXN8FtVv4/IFnjuQRzDfwvnU38OrVdXikrYt7sCsjZgco1BHW3uQb+N9N6fdLJAZyB439ee/5PUVk6RbUk+xEfSvxXmS4WAG64fDRoR6boGb8Cg/lpp0PP1Le2f0rVc4tMXmkYkklu3fTSrB0SP1Le2f0rVkt2z6uwnmn2m/UaWNI4TzT7TfqNLGhjO1FcUx8sbwKkDSrJJlchrcpbXzm65So7QWB7sx0qVrGumuGU4niPPixD4lhH+zmjSRgLILcpk0RhILtci/jQw1TiXF4IIGxEsgWJRdnF2AuQPsgk6kDSvLcUAleMxTWSMS8wRkxsCSMqlblpBa+QC+oteqj9IfAc3AmhEIaSGKMoiLfKyZQxQDuUv7iar/FsPKzYtuHIyg8MiEOVGU2EzZ1QEBg+TNYb3IoDTuEcV5ysTDPEVIusqZTYi4IIJU6bgG4OhAOlSdfPuL4Uf2fj/J/MMMKth4sLiI15i4iMhjzmbNKFDBsp1Fj2E1P8f6Hwc7iqLh2KLgxNGt3KmfLJ1wL2aXQa6nU/xG4Gx1H8QxjRZTymkTXmFLs6AKSCIwCzgkZbLdrkaEXIp/HfK5Oj6cvmmdsPCZAv70ghDNbtzlc9xvuN6r+MGCTCYs4HDYkwO8KyKySphxqQzrGLTMFFuYosG6tAapgMYJEzBZE1IKyIVYEGx0O47mFwewmnlYRh8CzxtCEYw/tPDMipDJCgR1Odo43JeNDqb38Ra9e+kfRdIsPxVoYHV4MRC2Ey5/q8zRFzEL2F9bkfwj+EWA3Mmqrw7pmk8kscMGIYwuqy54mjIVhcsoYXJW4JjOVyLlQ2gLL6VombDQXWRoBiojilQEkwC+e4XrFb5bga1UIMJJ5FxkYCKZFeSIwqEdHMeVOZyxIA1smcAW2sANhQGs8Ox4mUsElS3ZJGyHUAggMBfQj1G4NiCA+rNugMEQx8zYCOSPAeToHDJIinEByLqJACSIxZiO219xWk0AhjP3b+yfyrD+HYZZcVBnWUKA1pEICqxFgGJU76DQg61t+Mty3vtlN/hWTYPht5A7FwLHIAAoXSy2JYnq3JBy3vrUOFyTN3RSduvv7EFNwvFtGWeOFGOxEs7Ofi+W3uO9VniXBp1H1jIPBjc/C1aP0o4uYECRZV0AublgLd4Nv+9Z20pllRWa4Z1U29Jwp1PbrevrajWD4oz1G8tEXwyEti4oiVIcEaDQix0t61t76uvFsEIIpVmjl5aghGC+bbUakE5Ow9vjVa6E8WSKdZXQSMPNXY37727LHTx9dWjp50z8rgOHjjaPUNKx10GuUWNybgG1th46cmj6oSavCdrqUnBcL50ipAzFzcqtrg2BPwsL/3qU4thMRFG3OhYKQAXkDMVOmqm4ttbXsO1L9AsV5LO7IquzDLdrjIAWzCwvqSF9y0r046WPi8iMgVUJ6qnMGbzQdhtcge0fCtdPIVkYi50XLK3NVbW79b6bHbtB91NUnkKrGqB3zHTLdvfddr3P500x8UqBLxMpYZkNiMykkaeIII8CDXZFfl8wOT1irG+o6o+Oh38K5pNYO8tSM/VVP6kpxHAo0UWV2Z7sXDRhCtrg/aa6XFl1F7HTe0dDoBlmy/zFfzIpSeW62C+rrajxJN7jUfCvaQKb3ifTW4BN9uy4/Oqic9RpvksfQrBYt8RERiSUTK7Az3DKGGmUOb32qmcchUyjLty4re6FBf32vVt4LgkWSF/rF6yWuttnBF/rDYX8Kr82FJk22jjHwQAfhRkIQ4Nor9YrlzHS4zZ1CAG3Zex9YFeOLYiZhHhmkLqHGUN1spOnVY65ddr20pyuEdWDIbEa6i40Nx+IFMjwt9NbEbW7LbVlm0ORw9jIGjBbRVBHbaNQb321tUpBgZYzmLIvhfW/qtrU/0F4LLMCRBG1iczSSOqlibnKqg332OmtXzh/R2RmIDnDLmICxRqjtfe8huWGpAIA0pyWpKKMrw2AfmJ2G+l9N+z37fCm3GcXnnlI186x9S/wDatj450JjaA5GcSgdRixJ9+a9/XvWJcUUpimUjKGDMBa1g6E2HsklfWprGjVJSkmVXiB+sc97E1Yuip+qb2z+S1WsQbsfXU70eP1R9o/kKEH1zhPNPtN+o0saRwnmn2m/WaWNDWdooooYFFFFAMuFcOjw8SxRhgi3sGdnPWJY9ZyWOpO5p7RRQBRRRQBRRRQBRRRQBRRRQCGNF43Hon8jWXxQ4iCIMyzFUFyqRdY2G3VW7Hs1rV64a1OiZR3Kj5p4jwPimMaScxTRqNQjBxYdgta7Nrqbd/dpBP0fxyZbYbEm1iGWFyQwN/wCG+nYa+s6KWFFLCPljhvDcfGQBhZVPm5jh5CbG3ogXG19vXU9wzgcguJMPiAGDH90+p0C3svi57+7tr6KopZtHzXhMJjFAhXCzopzOzcp73bsDZbAWCCw7vGo08FxfMa2GxBANsphcKQPHL+I76+pqKWKPmeXDY0HLJhZ2VRlCiFzlFybBgvW1Zjc63NNl4TiSB/4TEW1IUQuL5tOsSuwHv0t23H1DRSxR8zYbo9jGbM+Hm13vG1z+FTWH4PNcjyab1mJh/T+tb/RSxRhkfD5l2gnFu5Gt79NaYxcGnF80E7Hv5Tf2NfQNFG7CVHz/APseU/8Ap5/+U3y0k/A5T/qJ/wDlP8tfQtFYaZR0KixCxSQGOWNSx6xjYMOYoAZTobKwN9O3up3wHh0nNhzxSCSOS7sVaxsTfrHQrtYjfTvrS6KlxsuM9qa7kBN9WbMjl5D9lS221yBoN9++vnz6SmVcc7owI2UhgRqMzbdzOdPGvoXpvxjyXAYme9mSM5D6bdVP8RWvjuqIWD1Ibk1McFPUPtf0FQlS3Cj1D6/6CgPrHGcRaIDTqMZAZDchWDdQMANm6wzaC4A3IpTFcSkS45LOQFJyk9oN7dXWxHZfQ+6kOJ4XEOqcmZowsjFwiqWcZ/Nu5sumbXvtTpnxIYgIhUAWa+pOU5tLjS9v8m4jJ0pUeYuKOQSYWFig7dcxsSOr2DreojY6DwvFpCVHIcZmAvrp12UnzdrKG7AQ29Ec+Ka55aDrWAa4Nrm587a2XXxOle0nxJz/AFaix6tz2aHUgnsuNO0DfW2mUiXoprhTIQeYFBv9na1h/W4916dVRAUUUUAUUUUAUUUUAUUUUAUUUUAUUUUAUUUUAUUUUAUUUUAUUUUAUUUUAUUUUAUUUUAUUUUBkP8A/RfF8mEgwwNjNIXbxWMbH+ZlP8lfPVaH9OXGOfxSRAbrAqxDXS46z+/MxX+UVnlAFSGA80+v+gqPpzBtQH1/icPmK+iX7FN87XG7C2g7vypJsIxCrmcKAAVXKA1lA/j208e6u0VNFbmInByllJkc2WwN1uDc7DPsbi+t7Lb1e3hmygCRidASSovbLfaSwJsezt77klFZRW5nqTDzZWyyvcgAXy7ganz9Lkd2gJFjpb20Upt9Y4strDLvrY6vc2J7dwADfUkorSdzJPyv0T95fmo8r9E/eX5qKKowPK/RP3l+ajyv0T95fmoooA8r9E/eX5qPK/RP3l+aiigDyv0T95fmo8r9E/eX5qKKAPK/RP3l+ajyv0T95fmoooA8r9E/eX5qPK/RP3l+aiigDyv0T95fmo8r9E/eX5qKKAPK/RP3l+ajyv0T95fmoooA8r9E/eX5qPK/RP3l+aiigDyv0T95fmo8r9E/eX5qKKAPK/RP3l+ajyv0T95fmoooA8r9E/eX5qPK/RP3l+aiigDyv0T95fmo8r9E/eX5qKKAPK/RP3l+am/EOLJDHJK6kLGjOxuuygk/a7hRRQHxxxDFtNLJK+ryOzt62JJ/E01oooYdtXQaKKA//9k=','2022-10-06',_binary '','Thủ tục sang tên xe thanh lý cầm đồ hiện nay cần gì?',1),(8,'VietMoney là một đơn vị kinh doanh dịch vụ cầm đồ uy tín, chuyên nghiệp, được nhiều khách hàng tin tưởng và đánh giá cao. Bên cạnh đó, thủ tục cầm đồ tại VietMoney cũng rất đơn giản, nhanh chóng, không gây bất kỳ trở ngại nào cho khách hàng! Mục lục bài viết 1.','data:image/jpeg;base64,/9j/4AAQSkZJRgABAQAAAQABAAD/2wCEAAoHCBUVFBgUFBQZGRgaGhsaGxgYGRsYGBoaGBsbGhkbGBgbIi0kGyEqHxoZJTcmKi4xNDQ0GiM6PzoyPi0zNDEBCwsLEA8QHxISHzMqJCo1MzMzMTEzMzMzMzMzMzMzMzMzMzMzMzMzMzMzMzMzMzMzMzMzMzMzMzMzMzMzMzMzM//AABEIALcBEwMBIgACEQEDEQH/xAAcAAABBQEBAQAAAAAAAAAAAAAFAAIDBAYBBwj/xABHEAACAQIEAgcFAwkGBgIDAAABAhEAAwQSITEFQQYiUWFxgZETMqGxwSNCUgcUM2JykrLR8BVTc4Ki0hYkwtPh8ZOUQ1SE/8QAGgEAAgMBAQAAAAAAAAAAAAAAAgMAAQQFBv/EADARAAICAQMCBAQEBwAAAAAAAAABAhEDEiExBGETQVFxIjKB8BRSkbEFFSMzQ6HB/9oADAMBAAIRAxEAPwD0SKQFdrtOFlbFDQePzpi1Nih1T5fOoVq0LnyOFOFNFOqwB4rhpCu1CICNxS4LbKSPaC4Le2hDGQY/Zoi+LNsDNLsx6o0GnygVXvcJDXlu5oiJXkSJg/Grd7B+0KE7oZHOddiPOlRjK9zdKWJ1+r9/Qg4li3RrYCe+0NtzBIA79PhQy7x9ZP2DlRcNosCvvzAgTME8++tHxjAZwhzQytmBAG4G0dmtDBwNcrLmPWvC9MD3gQ0eGnxq1ab9BWRwaWnneyhZ42uVgbTC4t0Wckrq7KHBzjTLlMzVoceCK2a0c6XLdtkDA63PdZW2I17udTXOAIzXHDsGd0uAiJR0UICsjsGxnc11OAKQS7sztct3Gc5QSbZGUQBAECIFRti6Qy50myI/tLYR0uJby55QlwGU540WN9OVSYbj5dQxtiBdW27K2ZBnHUdGgZgSQp2g07G8FtsbjnNmco+hAKvbEKU7/WrOF4eWsNbIZ8/vM518goAWNNoqlFWF3J+HYh7ql8kLnZV55grFc3mQauNYYCSKkwWHNtFtqoCqAAOQirZBI5VbdEqwd7Nuw0sjdhq6tzTXenC+O/0q9T9AUkD/AGbdh9KayEDUGr74oCIE/Cq2IuZt9KtN+hTS9QP0iH2SftD+E0NwqDKNKJdIv0KftD+E0Ow/ur4fWs3+Z+xrf9pe5ZRF7KsKi9gqsrV32lPEFvq/hHpUdwr2D0qs9+ORqN7tQohxh00p9tPsp55Tr61WvNNXDpZ/ymp5Mtcgi9aGhnxHhFRWkWD2yNe7Wfp6U+829QWPrWGVm2NEHEMQqQWMKDQxuk9sHqIzei/OgvSfiJa8bYOiaeZ3/l5UFNymQxRcbkLyZWnUTe/8XWzvacean60qwftqVM8KIvxJH0NSFKkK0CRuIHVPgaqoauONKpJttUsGaskBrs00eFd1qagNA8GlmpoqlxZLZT7QMRI0WZnyqOQSjuXLrkqQp18apYYXwxLFSIaBOv6vnvPlVXh6WVYZLdwGd2mNe2TRgkbxQqTYThRSuvfABNxTqTlJAiTtt2fGnXnuH3biAwPvCJiDpFcxTIT1rLt3gGKhUW+WGf0NA5MtRTLF+4xJK3lA2GojkdfQ8+dS2HaGAuhidRqNAI+lVwqxphjvt9aktPBkYYj0oHJh6EWDh7hTKbmsnUeU/X1oxgGyIA7iRMz4k6+RFBxirn903w86t4Qs+bOAgG06zO+godWR7bfoFpit/wDoTvYtQOrBMj46027eLW8w0mNqD3sRcGgtljzMgLpoIJ1NQ/nV8RFvlHvipGUk9/2LaX2wxgbczO3/AL/lSxqZFL/dG/aKoYLE3ADmGU9gYEGprl8sjzJb7qk9U9k0cZybp3ftsLlCKXl+pTu8Xtg+9Hkf5U+5xG3AM767GqrtfJ0RPM05PbcxbHrRqUvtA6Y/bHcfabCEcyP4TQ22eonh9TRHjn6BJ3kfwmhaHqr4fWlf5X7Gh/2l7k00lYc/6NR5qaz04QOxFwKBBkkbdndUbNUd3UUs1QgjV27+hP7NUqu4kxZ8h8xVv5WXH5kBrwEd/P1/lTOqqEnlJJnkB/4NNdvnQfpNjgltkmJEHtM8h86wbuVG3ZRswl9yzlzu7M3qa01/o6hw1u4GhmCknfMH1IUTGm1Zq2hfM4GiLNarovi1a2bdwE5TmWSSImdBy15Vok6WwiCTdMN4forhAozHrQJludKrH9oAaBTp3UqXqY3TE3Yp1NFdFbTEONUEFX6ondvE1EDNHQKdFNnvpTV2helkgpwqEGuX3bKckFuU7edSy6LArooUj4nSVQDnqavFm5RVai9Pcsg0gaFY1sRH2TWwf15j4VGgxMda9bnuWBVOXYtRDJbWnZqDfbc71sdhgadtM+254lPQUvxOzC0dw9NKaCo9yNcSk+C00u864tPDq/zq/E7F6O4amuTWRuYa8ZP9rRqdktwNdhV9JgTjZPMgAT8aKU0gVCw/XaAyOeLNThVYGMQ+nZNUsl+X+yeH3/0FZrs1lkW17Q/87dJOuSTlju0+tXEa2B+mcyWGpJ92JG3Kanib0WoF/j7fYr+0Pk1B1fqr4fWiXG2/5dIM6rr/AJTQK5cgJ4fU0i/6z9jTX9Je5aNyo3uGNInvqsLtNe8AJJgdpp1iCdXY7wPMmpFagVzpBZUxJPeBpU+F43auEBWM9kVAg0DVvHH7H935iqKNOoqzxJos/u1J/KyQ5QIusIrNX+HPjsS1u3oiCHfcD/yT8qKcSx4tWy7bwSBzJ5UW6JYVreFVjAe4M7kjm50B8orFFuO5raT2KuK6FqLBt2RlMbs05j3mvPr6XrDtbINt0MFT37Ed1ezFtxoSCJ17gYkbaRWS6cYQXLa3Rq6AhjyZD2Hnlb5tVY8rbafBU8dLbkwFzG3GOZrrTpz7BA+ArtRtbA2FKtVCD6FFPFNBrorQJHVRue839cqu1Tv+/wCQqkVLgb5Uia7XDV6Reo6jcxFRYsjI2aYgzl3juqRaA9L+MnDWZT33ORTyXSS3jG1RotSsGcU4vhbYyKLjv+HMVj9puVZ3+3LgYspj/M5+Jas898kklpkyTMknvNdFznQIabPD9J7bZRfsltYDIxHqpP1oqOK2CJt4PEOB+AZh8G08687t3OZ35dgovwLjDWLqsCSugdQfeUnXTt7KukynfkzXNxWwttnuYS7bUECLgK5idgupk86rWukWBJ/QkeZn0oD0/wCK+1vIEaUVFKnl1xmJjtiB5VnsBeztlbaDr39xoHFBRbo9UweKtXBnt4UuNpUz5Gr1i0rnXC5RG7fKK8s4Xxa5hbgZCVI3U+669kc/HlXrvCuIpftJdtzlYTB3BGhB7wakYJlSk0Ub+HAYBMErDmxIEeRGtX/zVMsiysxMEAa9k1cmkTR+GhfiMEtn5YVPMrT0e/Biwg7swonNLNUWPuX4nYAXLuMB6uEteJcfyqdLmIgfY2w2srm0H4SDGs6+lFLt0KJJgUwnUEfeQN5TpRUgdT5oD9LsY9vBo2Vc2ZARPVBKtMGu8HfNaQkAyKi6cicGomOuvyamcAf7BPA/M0lJeJ9DXT8JPysMFgPuj4V5v016QG65s29EQ9aPvHnPcK3mPvlbbsqliFJCjckCvEbztmJI1Yk+JJ5UyToSiZXHb8aX57lMg11+G3cod7bqnaRU6cDuG0boQ5RqZIzR2hd476DWvUYoS9Df9BONG9be2+rWyCCdyrTE+BB9RWh4g3UH7Q+RrAfk1WL13X/8Y0/zD+vOtvxW8AFBPOfQR9aKT+HcqC+IxXTd8xQQYCnNHIFhH1rb2LsBVBAWNBuI0AERWb4pwsXWze0OUgqRA1Hbr3fOiV9C2TJEjrKSxBEQD5bDzrFl3rSaoKrsMPdMQEk82HPbYeB59lQcVCgIXiA/WUwdGUqR2azUzsYLTIjqgDX/AM1FxE5rckBgCJMTHLUHfeaU12+qDT7/AKmWxPQe4zFrN5RbJlQ0kgePMTMd0UqM2nUAQt096hoPhlEUqPVL7QGhfbNe95UGZ2CjtYgD1NPs3ldQ6MGUiQQZBHaDXnXThPtLVyTDqVPYGTUR3kE/u0e6C4pjZa2wPUbqkjQq2sT3GfUV0jBe9GrmqeJPWHh9atg0NxeIUMFmW16o1P8A4qkySVokmuTTQ1NZ41Jgdp0o7EEgasj+UlZwyD73tAR4ZWB+YqvxrpNcuXVw+DdFLMFN1gCsk/d7t/ExHfolwgyIt1jdZB77gSW/FlAAFKy5VHY0YcLk7PJbvAMQqe0Ntwv4o01qkrMDDCDXr35qWZszShG0bnv9Kx+L6NvcDMoAj8Rjas8Mt8mqeHT8u5mEepEbnRG/0cvomfLIG4Ebdo5RQtWgwd+ynqSfAhxa5CNnD+00gmezWrycDKMAylSdYNFuimHK2iziMzSs7wAB6TWgt2UaCdTmLeZ7fl5Cs88nxNI0QxJxsDWOjttrZW4CWnqtzHhWi6NcJfCq9ssGQvmSJmCIMjYbDbtNPw1vNcEmVGoAka98HUd1FZp2BOm2Z+oaTSQ8Gu5qjDV0mtBmH5q4SKZNRtd9Buf63qFEHFBIXx+lSWmgIP1I+tNxgkDxrpYdTSNPodaBfMMfyoC9P2P5kuXf2if9VVui6FbCy5aSTry5QO7T40a48ltsMRcMLyMAwYMGDQbgmIDWlK7eEfCl7eJ9DSpy8PT5BsGheP4PZJ9qLahx94SPWN6vo1STTZK1QuLp2B2th7eS5DZhrGg8qcMMun7IQjkQJ3HnXb+HddusOQA1A7NKZYw903VtspUtGXN38/CufOEk6OjHJFqyx0Z6JLb9petzJkKDzEyQPCAKGdJOIqjBN3WZX8J00Pf3Ub6fYo2sOlu2SBoCBz00B8pNeUXL5O551rSqOlmFv4rQZucYu/cZV7j1vpUmG6Q3F0OU9ojt10I8TWf9pTGuVThGqoinK+T0ng3Grd3KkhXGkNrIgaqeex039KKKiOwzDMBqCwkyJg66QDPrXkiXyIIMEagjSCK23CeNG8gUklzMmY2Hd5DSsmbHp3iaMc9WzNj+dt3ep/nSoNbRoGYmY1jQT3Sa5We+43Yj6TILuHeypUXQPaIjEAsqEFyh32kaa+tR8A6TYSzasW8ottcCkqhLhS5hc7N1ix0neKH9OOLqiIqpbuTmUksc6EiOpl20nWdNK86RbmcOjEt27lfMiK67ZzqPa+L9IESVVwqj3nOvKYQDUkihp4/hbLtbAfODmZspMyARDHTmOdecYfD3ute9plVSMzsdOwKI3OsAClj+IvebM2ggDTScoCzpuTFUqbI15Go4x0su3JW39mnceufFht5fGsnjcUznryT2sc3xOs1XzkaqT4EmD/Ku3CGWR/6orKUUjiYlhDA9ZSCD2FTIPqK9bwHEhdtpcGzKD4HmPIzXi5eD3H4Gtd0O4rkDWWOhOZP+ofX1rNnjqV+howzp0eii4CKYzSDG9CMBigZQnrLEjnB90/12VfOKCidTy0En0rMuaNiexUOKuKr3HAVUBLBvdygEyrLqNuYNYnpDxsXly27K2lBzSIzsYI6xAGmp0opxvpIpt3MMiZpAX2kxset1Y12iZ5msk4kGteOFbsyZZ26Rbw3SG5btLbUA7wzEmBvEDz51q+iPHPbXBZfqsZhuTQJIA5GJ9Kw3CrStcVWk5oVVHN2MLJOwmNdfA1ouA8JOHvh77Q9szkH4hsSTuOem+lSUYxVtARlJukz1azbCCB5k7nxqyMO5+4fSqGGxRKrcCg7GCYB29NKuY7i5c+ztNBP73iT90Ucc0XshcsMuWdS2xYqFJKxIHKdpp/5rc/AaI4Z7aAIpA+p7ZNTteWAZBBMAjXU+FNsXoMXwzH3LmNvWCpCWwN0bQjQyQD706dwo02DbLlUhjtpp4nXzpl7ieIGIa2LUWgYzlDr1dw+ft26tSJfyuo/ESJ1gdkxUbJpRBftMN9D8q5iAzG2BbCk7BTvpvrSxZd8zeMCrFx/tbXVyie0mZ7zQwdsKaqIM6S8LxF3DeztWwWJAIJT3dZ1Y6HvoFwrhmKwtlzdsHKssSHttAHOMxMRFekWTNtT2gH1FRXclxWQspDKVIkbEQapparCTemjz9OkKf3Z+FSf8Qr/dn4UOTo/iJYLachSRMQDBiVmM3lRTB9EbujXSqJzAYF/KAV+NWm2W0gnwS+L4ZyMqIQNSCWMTHcNqKXLipcFwjM2oHaOU1SxF+3ZQW7agKOQEExuSeZ76Im0GIJoq9QTLflGcfm6E6F7kmTrojBRXkrvXtHS7DG7YyqAWVs4B1mJBHoTXkXE8CbZnl/Ug99JclqGqD02DzcNNLGk0U0GrsqiRHo10Wx3s7wBIAbQ5tte8bdk99Ag2tTWW1BoZK0XHZnq93j2GUlWe3I0Ma/GNaVeR3rbKxCgkTptsdfrSpHhL1D19jbXOBYIHKzXyQUHvJu5gHb1q3wzgeCEXAt5hLDK7LlOUkahYkaUPsYm49wG5aKSySMwJGVHbUctqP8DwNy5bTKsAgHM2g6wDGDz1J2prdcsuOPVwjM9OcYr3EsouS2iZ8o2LsWUaDTRR/rNA8Fg7t85bFp3I0ORSVXuZvdXzNepWehmH9o129N1zHVbS2IERkHvf5pHdWitoFAVQFUaBVAAA7gNBQS6hRVIbHpG3cnR5RY6B45gCVtp3O+v+gMPjT2/J7jVBhrLdwdwf9SAV6vSpD6qQ78JDueD8U4BibEm9ZdV/FoyebqSB5xQxCyMroYYGQR2ivooisj0i6DWbwL2ItXN9B9m5/WQe6e9fMGjh1cXtJCsnSNbxZ55hsdcu4v2lolWeAAI2C6rB0OoMVFxzi164Sj3GyqzCFhAY5nLufM1Zw+Cu4W+qXVCODMserBnrKwBBG8ETry5UPuYO5dum3ZRrjFiQFBOhYwSTsNNzHlWpKNWjI3LhjuHYS5egW7bOQNcomPE8qI4vo/ibdtnuWWVQNW0MDtMHStp0O6N4jDK6OUYPlfqt7rQVZTmAnQLqO+tVi8C1y21soSHUq0a6MIOo7ppcskk9lsMjjjW73PG+jGHz4uyv6+b9wFz/AA16zj+EWr2Vrq6qZBGhI/Ce1a5w/gVnC627ORts7SzHuzNJ+NXrS5zqfIULySn8KRFCMfibKd7O3Vtocu08h51dt4D2Vtn9pLRJGXfuGs0Ut22gACO7aocRlEq5A07DtzpuPAo7+YE8upV5FDDcSPswSrGYIhTI8okRv8KmwOMNsuVsP1yCdwNOYWIB7aenshsfganTFWx974GtFCLGYnHOykexcTz5j4VZTABkBzEEjbskbVG+MSN/gaKWB1QapolgdkgAd0fCq+JxRZrJykZSAJiTqvZVm82p86g4tcGe0Z2y/AighyXlfwmf4p0gvJ9nlcCIXKASwGilYOvgYND8BiLtxiftJP40ZfiRl+Na7GFGtgFVJXbrQw1I0I11rP3MQyE9Yx3nQd2lIyxadmvFNNaQ7hsWUtic0AahtwN9fCqeL411YzeGtVsNxCd4IOh5gisle6Fm9df80fEBFAb35UTsqSQWHZrOlXhyNqmgMuNJ2i/xvix9mzkE5eQAAJOm4ra8NxftLaP+K2r/ALyg14rxTg2KszmuO6j3gWcEftIxr1Lolis2DsEa9TJ5ocv0p8ZWwHFab87C2LMMvINO8a6bL8/Ksf0q4OGVriCNJI8OdbniGCVkDZJKkEcyD/UelAOMI/snBRh1TqVO1Zsi0y2H45Jxpniz6MRTFPKifG8Abdw6aHahqj+u+mJ2hMk06GhqsLULLrUqbVZSCtq+IEiuUOVzXaCg7Pb8PwSyjZ8mZpBl+tqBl0Gw0nlzojSpVjlNvk60YpcCpVW4rjRYs+0KhmZ0RFZ8iktqxZoMAKCdqBL0tJUMMOhm57MAYiGnTrZfZ6LqNTVxwSkrRky9fixS0ye5pZrhrMv0xy582EnIYkX5DQY6v2etHej/AB329/2DYX2Z9n7QsLiuAsgAHKogkkaTVrpZPli/5jjk6iWGaBMEjuGmu2tdRpAPaJ9abxLFl7TtMj2auJAlc1xYg8gcs+nZTcO0qPMehik9RiUYpxH4crlJplPjPCLWKt+zurtqrro6HtU/TY1BhMDbw6C2i5VAgEbnvLHUnU79tGK4w00ieUiR6VnxZ2npb2GzxJ7pbgLEm2NVuMp5lQCfUj+dMs2My/pLrQJM3ckgamQmXl2ChXSXpbcw7i2ttC+5zJ1QJI7dSYrW9E8X+cYdL1xAsgalQgZtiV192dATvXYxwtXexzZzp1Rzh3RtHZL7hkOSBbmCJklnO5aDETp8tFZwqIIUAeFdKKBJgeJqJMRaPuuh8GB+Rp6SQh2y3UF3CW3MsoJ8TULY20DBuJPZmE+Yqay6OMyEMNpBkT5UQNEf9nW/wD1P86cOH2vwD41PlHZXCg7Klkoi/MLf4FqyoA0G1RFB2VBibiW1LuQqjcnYchUKBmIMkxrqaCYv2jZgUAXMVtkaZ1gakHYySOW1HVvgiVAg6gxyO1Zrp7jrllrPsyBmaCImqhFWVO2qI24PiHMpYDCF1zoNcokb9s10dH8X/cL++n861/CrbAKT95ZopVTxRbGxyNIAYPgStYVbltFu5SMyxIOoU5hvpFYvoz0vS3cfDu8PnIh1ywy9UpO0gg/GvU68L/KNwxbWOudUZbkXRp+PR/8AWrnzqVp4Ku+T11nt3gPaIrSOYBMSNARr303DcJsW1C2lyANmCpooYnMYB217NK8g6OdN2tH2dxWZRADr1nnZQV+92dpr0OzxZhGcFdveBG/jse6rVFGkuXoMEQeTkdU+IB0+VCeLy1t0bXMCogRObTaplxqldSNdvE/zqK8+VZbynkOVDkkoxthwi29jAdLOHRbM6tb+I0+mvlWIu4YiGjQ16t0qtA2HYjXL6zoB6n41mh0edlC2xJ1BU7SDEg8qyxnQ+UbMQ6SK7YNbtPybX2Em7bQ8lCs/q0j5GsvxvgN7CPluLvsy6q3aVP03pqkmLcWihlpUs4pVZD6ApUjUmGAzLmMCZ1021iuZy6OvJ0rA/SizmZLebKUtsVAynM7wrkg8grbjWTyoTgeGlFDCGNuQFZBEsCW0nrdbY9w0rQXkuu+Z7bAEkkqM8c9CsjemW8OCWhwCAdG37Nhv/QroxmqpcI4cuni56pbtmQTgxe4FOizLSDA7AY1IMctprUcCsC3bxd9UVCxFtFQQo0AGXuJcHyNWMMVJZTGYaac47J1qzxIi3asWhpncuRt1UEj4snpVyyXG0Bh6SMJr3sp8TYCziANlW3bHggB/6q5wm7mt+B+Y/wDdRojOHR0OV3JPLq6QZ8BV3D4dUEIInvJ+dYOrzQ0KPmdTBjlrcvImpUqVchyNxnuP9F0xd225bJErc01ZIJXL+sDp4MewVDjsNctYiDfzqEAS1kXLbSAAMsZQdDsAY+OnBrHi8Fu3Rcfr5zJIIBH3cs6REc663Q9Q5QcHyv2Mc8VZNS8/3NXhcSzWx1i2kEEz5Gh9zjtm3K+0QGYIG4PfFLhbknQiI5dmu2vMk691A3e3h7rrdtSGYurxMhtSPGa9F0SWSNNHK6iOib3DAZL/AFhcVWGpZCDK94onhMetq3kQg6zqdSTuaBcEwiL7S8qhEuEZQwjqjTbvM0TuC2vvfKjljgpAanXJdXjLHmBRTAYlnmR50GwGGtswnyrS2rYUQBS8zglSQME27uzpFQ4mMjSA2h0Ox7jU5pRWYYzMhiOSgdgkAdwHZWa/KK8jCtEfaKO3l3V6OBqawH5VBphv8VfrUSoj3N7g0Hs0PcPlU8VDg/0a+AqeoWcisJ+VDh4a3bv5QTbYoTEwriQT/mUD/NW8ob0h4f7fDXbXN0OXudesh/eAqEPPuFizh7K3LfsrmIY21XUMVe4wUAZdVAzSY7DRu9hb+Ym26NIgo6tlPbrJ08ZoX0Y6JC0y4i8ZcCUSNEJESf1oJHdPpo3xYU5dNf6NJnmiuB0MTZBhsCluLjKoeNlJKKf1QfnAqLEP7RgvKZPgNT/XfVbHcSEhQZJIAHMk6ADzqDhWcYrFW3ZmcOuRYhFsMJQqNifezNuSscqzSuVtj1UaRbx+HNxkT7puAkduUFhPd1aIYPBexZo1Vte9TzHhzq4toKBUd25URfJK9+s70rsLfsPbbf3lPMMNiP650QuuaHYhSQZqnINRPFrrlSVPLSu1c41ai/c/aNKnWJo95uOqqzMwVVUszEwFVQSxJ7AATUthQ9sXUZShXMHkxl3J2p2GUFoIBBBBBEgggyCOdNPCvZW8VcFxyj2iFtGPZ2glsiLagdUHsrJixxkrZrzZZRdIE43jHsQrNhsSwbY27YuHt1CsSvmBVnCcZa4qk27iq0QLyrpOgDKWLLJ01HMdtEbsFQRqIEEeFBcY4zIO24n8QNH4SUW42vqNjDWm3+wSZLZ960niAUPqpFd4jdR+u6qFRTvrlUan5fCuGq3FP0F3/DufwGuf40pfC3yTwor4khq49IEW70cv+Wv7fuUjxBf7u9/9a/8A7K1H5toPAU04aun/AC7E/NnOfW5V5IzP9oJ+C9/9a/8A7Ka/E0AJKXgACSfze/oBqT+jrTfm9QcRtxZudUfo35fqmhl/C8PqyLrsvmkDJrN8bs5MQtwH30KsORKEa+MEelaK17o8B8qF8f4VcxCILRUOr5paYiCDt35fSuN0c6z167HSyuo6vTcF4XEezbMihR2ganx7auvxLMv2ltTrAnmdxrTrPRnEaZriTGvVJE9wJqReiV0iDfHbogkeBma9HB5YfKZJywz3lRBZ4jbuJ9pZYiWUqhMAqQKlS5ZuMALFyZjUk1ouD8HFm2EzE6kk7STuaKpaFOhKa3bMmR422orYFWOExEGBRlFgV0CuxRzm5ciIxUeBprldauUJY0bmvPvysHq4f/EX616Cu5rz/wDKyOph/wDEHyNWUbFOK2bdtVuXUUhVkMwBEgRPZypjdJMH/wDs2v3xQLifRd8QC63Izrb0ygxlCgkHMOSzEULb8nr/AN837i/9ygbaCSVGvbpRghvi7P7612zx7DXibdrEWncgwqupY6awAdaxVz8nLkEG63/xr/3K7wzoK1i+l+1ddlR5CsiSRBVgXzDtP3al2uCVuasvyoLxfAF4a24V9Yn3GnkeY8R6VebEAa/rAfvAR8SBUOHugsA8ErcaJ5AyV+DAVz3yb4rYzHRrg2MbFrdxFsW7dssQCwY3GghSsTIBOadNhvy3L2esCDHb26EkR6sI/W7q614VXuYmOdN1AaL5LFx6qu3bVO/xEDQansGpqArcubnKOwb/AMqpRb4CtR5JsTi0Xc1CXBE1GvC2GoYE9rAz6ia5cwlyDLIPDMfoKp45eganGuTy/imBN29cuDYu3wMfSu0cxuCyOVztpHIDkO+lTKkK2PWcJ7w8/lUnE7rhWUJKNZvZnnVXCjII5gjPtzAqLDe8PP5VY4kfsbv+G/8AAaz9K9vqPzq5HnvR7F4xM6MDcRgWUEwVeJhJ0CnaNhv2zW4Zxa5fxKIUZcjguDoUhsvW7OsQPOtfgbQAHgKsY7CW1HtFRQ7PazsAJfK4C5jzia6GXSoSaXkzZPPGD0pck9VOKfoLv+G/8Bq3VXiY+xuDtRx5lSB8TXl4tuaS9QZuouwmMa673VOmxC/RZ+NRJxG6J1zbxOQDfTZRWCvdK750OAtj/wDoP+yoV6UYkarg1Hd+cEjbn1a9WlHucHVK+UbDiHEsXlMIR3owY+hFYrH4niPXPtMQFytpnYiMpmVJyn0qz/xfi+eDT/5j/spt7pZinVk/M06ysv6faRHNe+qaVbF23yzc2/dHgPlVrA++PP5VUskFVI1ED5Vd4eOv4A/yryHT3+Jiu/8A07WVrwm+wVApAV0CnCvYnEEoroFKuiqIdilSpUJBr02kxjU0A4px2Opb35t/Kr4JVh1edYH8rP6Ox/iD61oeC8TuXHyOQRlJ2jYjmPGs7+Vgn2Nk6fpBt4Gpdkao3nD/ANEn7I+VTrtVbhbTZQ/qL8qsLUII1TsLow7HarpqrhfeuftfQUS4IZzivD3BYqNH07lYaq3dB+nZQW7j1Qh7hVcwPMGGQ5WE8oIjyr0MrXi/S1LdjEXbT3bmYMbiqbYyw4DLlfPrplUmB7vdSJYlyjRDM6phfEdL7IOVGLt2IC/qRoPM0BxfS+6GzXMO4tcyGAfXblHlPnWWXizgkIoJPM/QCpMc+Ia2wdkKRJAEbEHs7u2qUIrkjyyfB6FwbpJgrkBboRjHVudRpPLMeqx8Ca1dtARI8j2+dfPE1e4dxa9Y/Q3ridynq+aHqn0o0BqZ73ljs8/oa6wEcq8lw/5QsaohjafvdCreqMo+FS3vyhYoiFt2V78rt6AtFWSz0G7gbTEkiZ7qVeVP0yxxJ/5mO4JbAHh1aVUHrPcrb5SDUt++GRlK6MpUwdYYQY076VKuBDNOK2Z1JQTe4KtYe8ABnQxzyMJ8s9TG3dbKGZcoYNCqQSVMrqW01g7cqVKqn12ZxabLcU2T01wSIDle2Apn95TSpVk8SUHqjyFKKa3Kh4eP7x/S3/sqI8FTtb/R/tpUqJ9dn/Mxf4fH6HBwVO1v9H+2njhi/jb0t/7KVKlvrs/5mT8Pi/KXUBAgsW7JCiP3VFEeGJ7zeX1P0pUqZ/DZvJ1alLuL6lacLoMJcEAVGaVKvVnIFXYpUqhDtKlSqEM90pvMMqgwGmY5xFZsUqVRhrgmwmJa24ZewjSPrQfp/fa5h0LTIuDeOw9lKlVLkqXB6PwMk4e0TvkX5VeHOlSogUI1Uwvvv+0PlSpUS4ZCwa8q/LLw4A2MUAJYGy3iOsvwL+gpUqGXBEeb8FAN5VMDNKgmYB3GwJ5RtzrQ8UwAFm6c6kqhYgZ508VArlKgQwxopwpUqhDtcNKlUIMmlSpVRD//2Q==','2022-10-05',_binary '\0','Thủ tục cầm đồ các loại tài sản hiện nay – VietMoney',1),(9,'Chiều ngày 01/10/2022 vừa qua, VietMoney đã tổ chức chương trình thiện nguyện: “Đóng góp nhỏ – Ngỏ lời yêu Thương” tại Mái ấm Tâm Đức thuộc chùa Linh Sơn. Với sứ mệnh phục vụ hàng triệu khách hàng phân khúc dưới chuẩn tại Việt Nam, Công ty chúng ta đang hàng ngày cung cấp','https://static.vietmoney.vn/vietmoney/2021/06/4e595e1d-thu-tuc-cam-do-tai-vietmoney-900x550.jpg','2022-10-03',_binary '','Quỹ VietMoney Sẻ Chia Yêu Thương – Hoạt động tháng 10 tại Mái Ấm Tâm Đức',1),(10,'Bạn đang sở hữu một hay vài chiếc xe ô tô hạng sang, siêu xe và băn khoăn giữa vô số các đơn vị cung cấp dịch vụ cầm đồ uy tín lãi suất thấp, hãy cùng điểm qua ngay dịch vụ nhận cầm xe ô tô hạng sang, siêu xe tại hệ thống cầm','https://vnn-imgs-a1.vgcloud.vn/image.vtc.vn/resize/th/upload/2021/01/22/1-15245867.jpg','2022-10-02',_binary '','Cầm Xe Ô Tô Hạng Sang Siêu Xe Cao Cấp Định Giá Cao Nhất',1),(11,'Kinh doanh cầm đồ là một ngành nghề ngày càng phát triển, ngày càng có nhiều người tham gia đầu tư mở tiệm kinh doanh. Tuy vậy, đây là ngành nghề có điều kiện nên chịu sự quản lý chặt chẽ hơn các ngành nghề thông thường.','https://fblaw.vn/wp-content/uploads/2021/02/Huong-dan-thu-tuc-mo-tiem-cam-do-moi-nhat-hien-nay1-e1614050956655.png','2022-10-01',_binary '','Kinh doanh cầm đồ: Thủ tục bắt buộc gồm những gì',1),(12,'Cơ sở kinh doanh thương mại không đặt trụ sở tại khu vực thuộc trường hợp cấm của pháp lý : Nhà tập thể, nhà ở …– Cơ sở kinh doanh thương mại phải cung ứng đủ điều kiện kèm theo về phòng cháy và chữa cháy ;– Cơ sở kinh doanh thương mại phải cung ứng đủ điều kiện kèm theo bảo mật an ninh trật tự, bảo đảm an toàn công cộng .','https://ketoananpha.vn/uploads/images/post/59-cu/dieu-kien-ho-so-dang-ky-kinh-doanh-dich-vu-cam-do-01.jpg','2022-10-23',_binary '\0','Điều kiện,thủ tục kinh doanh cầm đồ',1),(13,'+ Theo nghị định 96/2016/NĐ-CP được ban hành từ ngày 1/7/2016, người kinh doanh cần phải tìm hiểu kỹ về lĩnh vực cầm đồ trước khi mở tiệm cầm đồ nhé. + Theo Nghị định 96 thì việc kinh doanh dịch vụ cầm đồ cần phải hội tụ đủ điều 7 đủ điều kiện về an ninh, trật tự áp dụng chung cho các ngành, nghề kinh doanh dịch vụ cầm đồ (tại điều 25), trách nhiệm của cơ sơ kinh doanh (tại điều 29).','https://camcavetxegiacao.com/wp-content/uploads/2019/08/d%E1%BB%8Bch-v%E1%BB%A5-c%E1%BA%A7m-%C4%91%E1%BB%93-uy-t%C3%ADn-l%C3%A3i-su%E1%BA%A5t-th%E1%BA%A5p-tphcm.jpg','2022-10-22',_binary '','Dịch vụ cầm đồ uy tín',1),(14,'Kinh doanh cầm đồ là một ngành nghề ngày càng phát triển, ngày càng có nhiều người tham gia đầu tư mở tiệm kinh doanh. Tuy vậy, đây là ngành nghề có điều kiện nên chịu sự quản lý chặt chẽ hơn các ngành nghề thông thường. Cơ sở kinh doanh muốn được phép hoạt động phải thực hiện các thủ tục bắt buộc để được cấp giấy phép tại các cơ quan chức năng.','data:image/jpeg;base64,/9j/4AAQSkZJRgABAQAAAQABAAD/2wCEAAoGBxMUExYTExMWFxYWGBoXGBYZFxgZHBgYGBgZFxkZGB0ZHyoiGR0nHxYWIzQjJysuMTExGCE2OzYwOiowMS4BCwsLDw4PHBERHTMnIicwMjAzMC4uMDAuLjAxLjAwMDAwMDAyMjAwMDAwMDAwMDAwMi4xMDAwMDAwMDAwMDAwMP/AABEIALQBFwMBIgACEQEDEQH/xAAbAAABBQEBAAAAAAAAAAAAAAAEAAECAwUGB//EAEQQAAEDAgMEBgcFBgYBBQAAAAECAxEABBIhMQUGQVETImFxgZEUMlKhscHRFSNCcvAWU2KSsuEzQ4Ki0vEHJFSDs8L/xAAaAQADAQEBAQAAAAAAAAAAAAAAAQIDBAUG/8QAMhEAAgIBAgQDBgYDAQEAAAAAAAECEQMSIQQxQVETYZEFFCJxgaEVMkJS8PGxwdFiM//aAAwDAQACEQMRAD8A9UpRUgKUVujMaKaKlFKKYEYpU9KKAGpU9KgBqcCnikE0AICnikBT0gFSilTikA0U8U9PFAEQKlSinFIBCgtsvYW44qy8OP08aPArB2s9icPJPVHhr7/hSYAUU1SinpACX4yHf8qGbRiBB0SpBHf1vrRe0RkO/wCVCNkwQPbRPdmflFN/lJ6mkswThMferMjtE0ObtXYodGDChOanYM8T/arcPucX7x+vKqui6oP8AB8FyPn5VFF2ZO3XCLhfLqf/AFpoZFxzFae2LaXVHsT/AEJrNvWyhBVhmIy01IHzqqVGbbskHxzqYIrNRfoPrJUnyI+VXIebOix4nD8aVIdyDpplGhjiHdVTlwRwp6Ray952O+i9lNkZnU1n2rZJk1s26aqKIcrOp2N/go8f6jT02wv8JPj8TSpM6IPYPpU8U8VRJGlUopoosC5LYgZcKfohyp0aDuqVZ2yyAbHKl0Q5Vzu/+8DlowhbJa6RbqUAOSRhM4jAUDl1ZPCazGN67th5lN56K41cYwh22K4SpsSQcZOKTAy+VWscmrX8oWx117cNtIU45klOZIClECY0SCePKp2ykLQlaIKVpCknPNKhIOfYa8sY20q7eTeF3ZjKsYCG33nOlShBKQkpCwmDJVhwwThVGhrtt994HLQWykdGEu3CGnCsGEtkEqUIIggDUyOyqliaaj1C0dF0Y5UujHKuDu987tVvdXzLbSbZrCljpELK3ldIlCnDCxCM1QImeORFJ/ft5u9bacS36OW2VOLCVBTankiFE4oCMZA00OvNLDN/z+dwtHedGOVLoxyrz+836uUIfXDI6LaJtRKVR0Ix9ZXX9aEgzkOyti23sDu0G7Zhxl1hTCnFLbUFkOJURGJKsIygxE50njktw2OpwDlSwDlXH7c25fnaHoVp6OP/AE4fl5Lh/GUEShX5eHPOs+4/8gXDTbzTrTZvGnW2UhBV0ay8FKSrPMCEHKeKcxOQsUnyC0egYByp8A5Vxatu7Qtbi3bvRbrbuVhoLZC0ltwwEg4j1gSoDzPCDC+33dRtANBCPREuIt3HYOIPrSpQAOKAAYBy4HPSjwpPlvtYWjtlARQPoLfsD31y20t9XWdpKtnEo9GBbQXAlWJC3UAoKlYow4pGgyOuWYNxvzcJbWshkYNpG1JKVABgAkqPXyXl62nZTWGbrz/2Fo7j0Fr2BS9Bb9gVz9lvWHtpC2ZcZdt/Ry6VoIWekCykpxJVhjDhMROdR2nt67cvF2dklgFlCVuuv4ykFUEJSEEHRSffpGa8OV0+1hsb1xs9mM2wYz4n4a0Hsxu1eR0jKUqSVYSYUCFJJBCgqCkgzkRWNvbdPosUt3KWXbh95DSG2+kS04VLBSlQKgopgGQTByByNAW+8imdjh9hCEutLS0ttQUpKVhwIUIKsUYSIBVkCBwqlibja6uhbWdsjZ7QywDNRVx1NL7Oa9gaRx0ma47aG/bqdnM3CEo9JccLZQUqKUqbxF0lIVMQjnljFbDu8Didli8PRh024dAIIQXCmQkDFJE8Jmk8Ulz70O0bDmzWiZLY4fCgtrWto00pb6AlsesrCtQA5nCCQO3QVyyd779plu7e9Ddt1FsOJZLgcbDgBzlRAUJ9Xnl2iN6q52m86phDAbtHFNNl0vSp0EErT0agEnqiFagKiczTWF/qe3cWx1Q3atSJS02QRIOZBB4gg1Be61t/7dHv+tR3L256XbJcKA2tKlNrQNEqRHq8hBSY4THCtp8kaVk01JplbHA7U2Ulq4WltvAjo0GADEyZ8dKBuLWur2wsqcWCB1Qj3zr5VkvtVcORhk5gFo1FHIqppNXCrRmdVu4JZHer40qfdY/c/wCpXypVk+Z1Q5B1KpRTVRI1NUqUUAXI0FPTI0FAbwbXRa27lw5OFsTAiVEkJSkTlJJA8az3bpFmXv8A7Cdu2EIZDfSIdQ4C4SEwmZEhJOeWXGKx0bv3NxcMC+XZtoZC1oYtyrEsrEFRC9ACAZHI85rY2Jt+9eW3j2cWmV59KbhslKSkqSSgDFmcIjhi7KxNnbXae2upClOKwKdSytSwW+kbSgLQ0kJBQUjHJCjiBOIZpjohrprsm+4tgfZ+5F5bgNIY2Y+2lRKXXml9KUlWLrQIkSYzMZZ10e++77l2LZKOjKWrhDrgWSApsAhQAAMkg6GB21Vs/fdC792xU1gKCpLbmOQ4pACimMIwnDJ1Ohovdzeb0myN30WCA4ejx4v8OfxYRrHKlJ5LUmv4wVcjnLrcy8Tb3VkytpVs5hWx0i1BbSukQtSD1DKMlZzMgGMzRzO5i1vvF/AWXrRu3ISolQWgIlQBTAgpkGdQMq391tselWzVxgwdICcGLFEKUnWBPq8q57Y29CDtN62BdwLKkIUtwrbLzIBcS0FCUZKMgKI6oMCaNWR2uq5/b/gUjJt//Ht2LZTLi2VrVdofKitZCm0oKVYpR6xnTPXWuiY3W6PaLdyy2y2ylhTakIAQS4pRIOFKQCIjOZyptn76hzaDlgWsJRjCXMc41IgkYcIjqlR1Pq1Xu/viLm8etkNQloLIdxzjwLSj1cIgEknU6U5PK7tdL+jBUQ25sS/+0PTbQW5/9OGIeU4PxlZMIH5c555VnP8A/j+4dbedeebF44828koCuiQWgoJTmMUEKImDEJ1gzr329jouV2traquHGkhTv3iWkoxAECVjMwR59hht594XWrDpHWltXDyuhQy24lSwpSiJQsJIxYAVA4TBIpqWRUlS5L+wdAN5sLad06y5ci1Qm2JcbbbU4elfSJQVEjqIxBPMgTkZyFH/AIvKrRYcfcNysKcUA4ehU+ZIUpOGTwBVE6nsrZTveyzs5i6SHHA4EobbxlxanTIKCpWaiClck+zkNBRuxtrXjq8L9h0CMJIc6dtzrSIThSJzBJnspa8kVtSS+XQKRh2O6D7rlwq96Ii4t2mlFCio9I2lIK4UkD1khQ7azLXcG6FuGXFMrV6ci5WStRCmg3gVMozUTORyz1rX2rvhdsvpYOzpLri0MH0hA6UIPrRhOCQUmFRrWhsbeNx259Fdt+hcDAeV94F4SV4cHVEHIgzNVqypXtXP02CkUWm6vRbSFyyhltj0YtFCBgPSFZViwpTERhEzOVV7V2BeN3i7yxUwS8hKHW38YEpgBSSjPRIyy46zlXbb+YktK6COkvfQ/wDE09X7z1c/W9Xs1oy0vOgvRZ9dzp0LuC4peSIJTgQgJyT1efHjUPXdvt9kGxl3W7F7ePtLv1tNoZQvD6K44FdIpQ6wxp6vVAzmer20BtDcK5Si6Yt3EKZe6JxJecVjDqFgqKoQZkYs9ck99bO9O9lzauQbHE0pxLTTvToHSLWnEBhwkpzChn7PbV9jvK+bhm3ftehW8lxf+KleENjL1RBmOeVWpZYpNVXbbpuFKzEutwn1XFwtKm+hW2+phBUoYbi4aS2sqGGAn1swTonKt9ewHDssWZ6Mui3DQJJwBwJiQYmJ4xNDX2+7bDt4h1shNoGjiSqS4XkpISEwMOaomeE0VsXbV46tAdsCy0oE9IX0KKRhJTKAArPIdk1MnlaTl0p/7CkYH7I7QeZbs3/Q2rdJb6RTXSF1wNgATICSoxrlnn2ExjYW0LR249C9HWy+sugOlaVNrVr6ohSRl5DTOdHbG9a0XHottbKuHggOLAcS2lCTESpXHMZfxCs7be3rhKLdx+2ct1m5baSlFylSVpWCVFxKUlK09WIInOQRVJ5H0VPp/NxbGvudsA2dsGlLC1lSnHFAZFaomJ4ABInjE5aVtOprmNqby3zIdWrZv3TeNRX6S3mhEnHhidBMa1ubH2mm5YauEApDicWE6jgQY1gg1hOMvzPr5jRmbTal5fXw9VGqQRx1ggjzoN2wc4YFDmCQfIgj30btNP3znalr4qopdKJnPmc2WFjVtY8MX9GKodINJE8pz8ta35oHawynu/8A1VJszpGzuofuT+c/BNKm3QP3Svzn+lNKpfM6IP4TWimIqyokUWKiEUqkRTRTsVFqdBWFv3sRd3ZOsNkBasJTOhKFBWE8pgieE1upp6lNxkmjQ4sbf2mGsH2W4lwNlIWHmSkLCSEmMWYxRlPnWA5uHfsW7Drb/SusLS8i36NCSHFqSXR0uOV9s5EJ7q9Tpq0Wdr8qS/36io88O61w6b5zo1NOF5u5tVEpnpEJJjImJnCZ7DnFa+4Wxnm9nFh5BacUXgUnCSA4VQeqSOM611tI0pZpSVfL7bCo872DebRtLQWg2epbjYcShxLzWAkqUpKoJBiVaa5cNBmq3HvmrZp1t/pHmVpeRbdGgEOqUkuDpsUr7ZyOHhXoJQqmz5Ue8STtJK3b8/Uvwzg7/Yd4Xbi7ZYUl5Nw2+yCUSpC21Nup9aBEpmSJw5VpbkbsvW10gqbIQLJKFOYkwX1OhxadZJEkTEQK6wOHtqQeNEuIm46aQeGjmF2l5Z39zcM2puWroIPVcQhTakCIOM5gyo5dlU3+zdoX9yy6UKsUsNlSFKDT/wB8pUGEhUHqRmRlB5114e7KmLjvpLiJLeldVf2+XIWg83O59+2hxhCOlFvcN3bCzgQl44YcbCcX3eZSQDAlK+ddrsTbFy65gesHGEhJONTraxiBAwwnPOSZ/hrWFz2+6nDtKWfUviQaKOc3o2a85ebPcbbKkNOOlxQIhAUG4JkyZg6TpQO090hc7TW5cMqUx6OgJWFlI6QKGXUUFaE9ldnjpYhRHPSVdq+9icTzK13Wu27ZBQxK2NoG4S0VpBcZSlAGFUkScPEzE8cjv7Mtrm42im8dtlW7TbBaSla0KWtSlEzCCYHWOvIazl19c7tXa9w0vCQ2Qc0qwqzH82vOnk4qlb89/maYsEsstMeZT/5E2Y8+3bBlsrKLtpxQBAhCUuBSsyMhiGmedUb3W77V1b3zTXStsIdQ6nGhBSlQPXlZAgSZz4eIT29LwSVEIhIJPVVoBPtUE7veHEqQsMlBbBWFjqlDkpwqlUZwQR21jHjIKl0V/c6X7Oyp716mfd7sXN63fXBbDRuegUw2XEKxJaSBJUklICkxBnU8sz1GxttXbi0If2etkEHE6Xm1JSQknROZBIjxrGRvn0cNIDXV6JAQhJhKVkIRHWjCJTpoI7KvZ3zUrDm2CoSEnXnoF5+FVLjYyVNbdOewl7PyX09QbeHYdwm7eeRbG6t7ppLbqEuhpaVIwRBJBj7saczpAnGtd17oNYRarQPT2nktlaFFDKUrElWLPDIHM8q6Vre9Z9VTJkkCM5IEkCFcBQ437VoEpJkADAqVSVCU9bMSlXlVR9oJKq/iB+zsvl6i2fuW2+7cu3zbqlKfX0RW4QOiklOENr9XQCYOWgrsbS3Q2hLTaQlCBhSkaADhXItb7LUUAJT1xiScCoIifayy51H9uFSsYU9SZhCz6pwmIPA/qKzlxalzf06AvZ+Xy9TX2s4EPqJ4pR/tJ+tONotniR3j6Vzd9vCXHEEgStAKeqqIidZ17KFO1ziUkSSnUJT3ZDmc+FC4jHRnL2bnb6ep1ofSdFDzoXaZy4cPgr+9cyjbSVFIAzUSACDwOEkyYiZ8qnY7XSonBkIB0KZSZhQ5jI+VNcRC+ZP4dm6U/qdtuk4OjWNevwBP4RypU+5qpQsz+L5Uq0lzOZJrZmS1ty4H+bPelJ+VEo3meGqUK8CPgayMNPFVpROpm83vV7TXkr6irm96GjqhY8Afga5uKWGlpGpM6xvb7B/ER3giiGtpNK9VxJ8RXFinijSGo7sODt8j9KXSjn8a4dAjTLuy+FEtXjo0cX/MfrS0seo67ph7Q86g+6MKusNDx7K55rarw/zJ7wn6UXb7TcXjSrDHRrMgEHId9D2KW7OYubpXtq/mP1oJy4Wcsa/5j9auecoraD6rZtKWkpLrgzUcwAIk9uZgDx7+VWz2clY6SVtmQ8XRqpwd6lj41SSuB94v+dXM9tEI2veIMlxLo4oUhKZHYUgEe+pPXzLpHRoWhUdZCkwB+UjLWm+VphBtyUZxqwBQd0Drk8gtR+dJ1p5AIecdbUT1FlwltUZ4SQeoqOdF+hqcUlKFKSqcilRSQe8cImi9rbD6IS08strV96lRCgXBBkyMiYz45U4y2tmfEQayRhGtzB6e4H+a5/Or60xvnx/mL/mV9a02bbEpKBqohI8TFWbS2StogLjrTBGYy11HaKm7V0avDBS03uZKdqPjPpHB3LV9auRvHcD/ADV+JmrRalUAJJJmABJPgKrdsYyUkg8iCD76iUYS5oXgb0nuXt71u8VA+Kh86ue270kYlnLhKjn41mqsBVStnis/Ax3a2LxqeJ2kn8zSdvUKSUlRggjQ8RFDt2DUgoWEkBEEFCc0YoMEQScRmglWShoai4ytM51Pu76SNJ8RPnKKNdjYOmAkgdHkFJM9ErEk/HzpN7vEADrZYOKfwYgPPEaysCwhLiSFJORInqq4pUNQaKsb5wGVKWEjWCT5AmoeDMns0ZLivh1aV9w202UWiACcueGSIwgHuFQ+w8iJOcATgOEBRVCZHNRzPZWipGIAyTIBk65gETUMBHGPGK7Y8KtK1Pc4X7UndKKoEb2ThUhQmEDCkdXSIgnUjjBOudRb2RhUtUqlYUDmPxGTJ1VHCdBlR8L7fjTdOocqfuse4/xOf7V6Aydnn7vX7sQMxnlhz8qq+x+spYKgTiiMORWACQYk6ccqO9KPFNL0wcQaXusfMb9qTf6V9wBzYwOHUBISmBhzCFYk5nMZ8qnY7NwKOESpZGgHCYACR2mtzZFgu4JCMkj1lEaTyGp07B211uzdjNsjISriswVeHBI7BS93j5h+I5OaivQE3WtVtIIUkAqMxMxAjMxr3TT1sgRpSrpo4XK3bOFw08VPDTxWpiQilFTimw0AQw0gKnhp4oAYCnApwKkBQA6aLsDHSHky4fcKGSKA2xclBahRTiUtJg6gtL6pHEHLLuPCpnyNMe8kZj65nto9pz0loQR0zQhaNCRzHYYBB7xWaDVLtvJC0qUhadFpMEePLsrijJLZn0OXHKVSjzQX6MucOBU8sJmp3NotuMacMjLMZxroe2qm9q3oEdOk/wARbRPwj3VU5jMrUorWRqo+Q7B2ChqPRijPM5LVFJG9u7awFPGPZRJgTxM9+XnT7M2O8G323SlQcV0iVAk/eH1tRkJCT51iXl6q4aSytoNoR+EKxYiBAJyGmfiaEtGRbuIeaBGBUlIJ6ydFCOORMdsVSlFbHLPDmm3k/vY0NnJ+/aBEdcZdx/tR20HOkN02dWVpcT+RSAFDwIUfEUGratubhLyVkN4wVFSVJwqIM6jnBn+KnTfIF50oUC06S2pU5FKwAD3Ygn300qVCyNymsi6JP/pLZ6+ibXcESUw22Oa1EZ+AI8JqzeYff/6R8TVO3ClPRMIIKW4JPNajr5H/AHVfvKfvz+VPzqZbRo0wtyzqT6p+hlEZp7VoHgVgEe+tPbl7bsultdqooAB6RsiRIn1ctJ51nIcUlxpSSAQ4jUTko4D7lGtPeR5ZfU3gbwQmFYD0kwD606cNKIVpHxKbzKKvl0YJf2KAlDrSsbTglKvke3XyPKnTs8tgPuXKLdKgQiUBSjP4kzplymrbtr0ewwrBBU4VpTxCdTlw4/zCpbztBTwVqnAnByw56eM1W0dzNOeVLHfffvQFcbOKgH0utvpgILqBCjGQ6UYiMXblrnwqtmyUvqpTJIOWXDPjRG7NthuClP8AhutqDieGQ6qu8SRP8VNbrWM0KIUATI5Rn7qTdtMpR0Y5wf6Vz+aNlNmQlIIghKQR2hIBoa/tPu15cPmK0l7Vt1GekHDUKHDtFTYuWiRhUkz/ABAf3rpvY8CMoylszj0WsaZd1WHpOC1fH41vp2g0v12SPBP9iaJu7S2QElYwhWkBUaA5hPfxqTU5uzU4peFRByJySJyjiMqOasOf68fpWjbWjBJU0uSBmOQPYRPCiAzVxJkaW6bQSFgfw/Otw1h7JfDeIkEyBAAzOflVlxfuqOUIT2ZqPjw8B40pcy4P4TTuLpCPWUB2anwAzpqwUMpCiqOsrU6k95NKkFmdhpYasIjz15CD8wB40kmSMjGU5c9Iz7vOtHJIlRbK8NSQlMnESEhIOpGqiOHhTyYHVzISRlxMyddIEx2VVcZpXl+BGXLr5++RUuSZUYtE1ra/C4Qe3EoHvB+VV9Mn22zzyWMvGhQ0J1y4UlNCNf0dKz1mugPAqQFM2Oqn8qfgKmkVsYMQFYe9yTDMGAFyfL6mt+KzNvp6ncPmPpUZPymmH/6IxUmpzVLZqwmuE+oQzjwH65U6LlKtD+vCgrknEqRIwGO3mPhVVvbhPWAwkjrJnLmDlxrRQVHjZuPzQzzSqo1s1zvsaTz0AxmQNKoTd5SoHM5DsifDSoMKlU9vyFM+RJnQQfKTSUVyNJ8VOUHkTpqWlLpv1aDC2DwqLjKSMJGXKgng6o9XDlqSCc+QzyFFskhIB141MlXU7OFzPOr00nyff6DKtU4AgCBHDLiak0iBEk9pJJ8zQarhzGQRAglJBGgOkEVNm6UYBEHXPvA4U3F0QuMxRm4yi01Suu72CH0EjqmFAgg6wQQR7xRCd4L0ZF1s9vRifcY91CuPwoDsnwBA+dDPoPSYhh4RJM5Se6YmnC+Rlx2XElq5tNJ/UOfWtwy6srUcpPAcgBkBUrPa3RoDFw0p1pGTa0EY0D2TJEgd+gGtVKeAIB45+AiT76kpYyk66UlJm8oYpfCpU1XXlYcNrN4FJt2loxiFOLjFHJIBMe6h21RP5VDzEVAVNrj+VXwNClbROfEsfDz3t0938gRass5/Xbw76ZTaQMXW8DJ4cj21G6ZKogkRy/6NVFpxOfSRwJMRHbpWrT6HyfD5sDxKMrTt8nXysL0zmrfTVkCVkgaSSR4TppWM5tBY4gkHgP7mRRyCVNg5AkTyHPlTSd7k8Tix44KUW021zfluHW20loJwqEqGeQMgGjEbwuDVKD4EfOueVbq4JjlByHZ5ianbpVJnEMo1rdxSVpmTk1G1KzqGd5gNWvJX9qva3laPrJWDxyBHhnNckwVTmTEDUcarFyoGDB8I4kc+ykoyk6TLhlyXUWmdyjbbCo68d6VD5U1cbaXMnMcJ+VKpaknRTz5VtSO1ApZ1OKUVqdpDOoPMBWpIyjI6iZE1dFKKKGnQH9np5q930pfZ6P4vd9KMinilpQ9cisJ+nlTgVPDT4aZJGKyd4vUPcP6q2cNY28vqnuT/AFVGT8prgV5I/MwW6nNQRUq4T6lFNzblUEKKSOIqCLE/iWVDl/1RQNTUfgPgKNbSMp8LhlPXKKb7gFwwsHE2RnqDoe3sNJtpZ9eB2DyzmtpTIxKGAYQFFJzzAjCcjn38ZpXLCRPV0KhqeASRrPtVkuI6GT4XC8mvTvz8r713MBLzjfVwlQ0BEacJB49tGW6iRKteVaXoyJMaBIVmRooiOWcGaoVbDBjB8I0zgceOfkafjxkPBw8MU7i3Xa9lfkA3ioUjXMKGnEkxVd45gUFH1YgnlmCCezKtU2RKQqRGEHOdVKIjLvFVLs9dCAJOvtFPEdhqo5ok5OFhPXvu6+lcjPU+lRxBQOUZGcsiTl3UPdPJlJKiCDjySSM+7sy8a1U7PATISIPKOZGmuoNMdngApCckmDlx/QPlVrLBHJP2bLI7lPm7ey+gA4olQwnPAqD3lMH4VG1cKiCcinqkcjIPkeFFs2SQpMD1Tl4mqzbjFjzmM+3lNXqRL9mZG9Wrfb6pdwwGq3b9tEhSs4OWpzHuqtblY+0EAuGTACRn28KjGrZ6XGxvC499gi62yfwpiRIJzy07hp21nuPOL6xxGOPAE/Ci22RJJzPVj3/QVG2UAkqOScRBPiOHGumzw8fA4sfJV/kruU4SBwgRnPOZMazW9ZNkto/KPhWDeLEwCCBxGmZJ+Yrft4W02AQClKczGRSO3jQ3sY8TwsMzaldLelzZPAf15VEpqaFEHWThIntnP3TUMCkzPqnMc9e/Ss1O3RwcT7Lhhx69T5bKv8iimKRyq1leYnSST3CDHjBFRIMDuPn/AN03OiOH9lTyQjOMl8S/v0GZbAOg4imqtiUzkPPj5UqNTe4s/BLFkcNa27tnQl1P4dotf6kt/JSakhxzhe2qu9EfB75Vz2F2TmqJI1Tzj507TLyv+knQTnl2VdyXQ9zwcbVqX2OlS6/wXar/APlUn5KqxLtz+6ZP5bifi2K5kWT5Hqp8UJ5A8U9tP9luxJQ2O9DekTyo1SQ/dsdXqOnFw/8A+2WfyuMn4rFSTcucbZ4eCFf0rNcouxw5lTAy5I7+Ap+lSnLpm/8ASgnPwilrkD4WH7kdUb0DVt4f/C6fgk1Ym8RxxDvbWPimuSZunD6i31flxpH9fyotC7kCS44gc13C/gKPFH7j5nS+lN+2nxMfGsXeRwFJgg5J0/MTQ7e1XgYTcOLVwCZI/wB3Dxp76+eWno3FdITHVwoMHhBSmZ7oqZZLVGmLg5QmpXyAWLYlIM6z7gT8jUlW5lIkdafd/aKHWlSTBxJPIyOfDxPmacOqy6xy04xw491cjjO+Z6yfYIXakCT28fZISY8SPOkthWXaJ1HADt5EHxqk3K+Kj+iDlyzSPKpruFcxlIGXMAecAeVTWTyKWqxlMEEiMxmYHv8AfTqSsSDi7Rn4SKRuzJJAzBTGcAERlx0qbd+QVqCR19ROmvZ2mk9XYr4uxDplg+sdBrnkMxr4VEvKiJyMcuBJHvJ86subzGIwxnOs8MPZwA8qsF8nrQgyVFQkCMxEHPSlv+0PoQ9LWEhOUQOHKDz/AIRTpvDn1U5zIEiZnLU+0TUxdIAzTJgagfuwNfzT51Bh1qOsM5PA6RlpwmaVbNuJO1ciTd5CQnDMfxZalUxGsnyFOL31svWEHQ54YnhxE+JqDqm+rETiOLWIxGPdU0oZI9YAmfxactf1ryqWo82mJ6eYLizHf86oWaNUyjpAkKyzOvImM4jQDtzp3dnpzKVTxAEHLhx0+hrXxYqrNFkimZijWXevhK1SJkDzE/Wt9nZpUkEKGYJ5jIxqDXP7RAS8oawANCOXA6VthnGUmkcnG5Vo27lan3D2TGneYpktGDOenvI0pEEwcJyOpyy1+R8qsW2sJxSIAGmczl+vCuo8lucipxESO74VuWzIwIOYOFOhicuMVgDQ10TGLo0flHwHyqkrPL9ouUUtLp+g5a7T56d3KpJBGpJ8vlTgmljPKl4Z5fi5nFx1bdrFiPCNRMjlP1py4rkCIPvn602KkVj9edLw76GuLic+KlF8uXLrzHaOeie9Jmec5ClSaWJH64U9HhvsGXLPNNzrn5Fyrm6zhvDPJH9v1FN0l2dcYHYMPAjiO01xIdV7R8zUk3C/bV/MfrTqXc+l8bHVafudiW3j6zxTnxcHKNAeym9Dbjrvg9xKuY+ZrkvS3uDrn86vrTenvfvXP51fWlUu4/Fxft+52SWbUCOu4Yj1eyKJbuUD/Dt444lgDQyda5PZN+8SqXV5R+I0Z9oPfvCe+D8RRUg8XDVUzc9LcUfX59VsT79PfUlITMqkTOvWWcsstBWD9qvwfvP9qPpVtttV4HIp19lPsk8qzlhbN1xePszpWEpQnMQMsuJP8R492lAO3am1dIjrKSZAjjp2c6CTfOLAKjJkTkAMwSIjuomz6yiMsuX96lYpJjfFY3B03dM29m7yrV/iwqExh6NevMqAM5QNOevAm52k04hSQyiSI9VUjtGJsDLvoRm0GJAH4onxUR8BQu27hTTSVoMEuFOYByCZ+db0jzdbJCzT7I8qY2CPZ95+tOb4pCQQSSlJJgakH/ifOh17XVwjhqg8dNKNK7DWWa5SfqWnZyOR8zUTs5Pb5j6UDdbedQkqAaVEZYVDUx7VBfte5xZR/Mqk4LsaLicq/U/U2fs0cFK8Y+lROzf4vd/esn9r1fuE/wA5/wCNWN7255sQOYXMD+Wloj2KXGZl+o0jsw+0PLkI51A7MV7Q9/0q252whCTKQSFQkJcSvEI6xlI6oBgQYJzyoU7yp4tK8xS0RZouNzrr9h1bPWOXn/apNbLdVMAZZ6ijLO+bcQFzhngSJo+zuW0pV10yQePZR4UR/iGby9Dmr1otQXMgTlx0idO+o2lop2OjQVzoQNTrr4GtLa7nXZWlPSBKiVDXLq6iD+hRje1HSsQMMaaJy00E/Gh4YlL2hk6pGM7st9OrTg/0msO+2Y+p4jo3Co80qk5a51215cuLIKiqRpCkj4tms68fUqelJCPVxJgqGUgSlAnME6cKlY9LsWTinlWlpLqZzG614sQGglJH4lpB0g8zn3c6MO4V2odZxnhkkqOmk9UCap2heqbkNuYpGRKClQ5aiFg8xFDbD3guXFKbxElI1GWnPMdvlVo5ZylXM0E7hPDUYu5SBVh3bfT/AJTgjkZ+BNMjb9wD6581f8qPTt+4hJCpkTme0jiDyqlJrkcWTCp7uTMteyXhqh4f6VR8Oyq1W60mVYu4iK10b3Pg4SB35f8AEVbcb4qbWULSJH8JPwNPU2Yvgoy6/wCDnsCuCv1n+vCmAX7QrqrfeUuAFLSVTPZoY7eVEJ2jOtsM+wfNNPW10E+DS/V9jj2ScWcU9dglbROdsP8AbSpaiPcv/SOQc3KZSCpT6wBqThAFD2u7Ns4cKLlRPLqz4SM60d8lKwNgeqSZ7wBhn/dVe9jiUm0QylScLDa0+pMuRBlKQSqU5kyDlEZznLI0z2oYU4p9yA3Ib/fOeSfpTfsK1++c8k/Sty6vcBgoJEAkjhOKcv8AT76iNpokCFZxy4kjnn6p01yiavUjLQzP2buY2nF96szHBPb2UT+yLf71fkmi7La6IEpViVgECDBWJ59tWI20iBKVAnCY6p9YA8Dwn3GjUg0PsZ/7IN5/er8k1JrdJsEfeL1HAd1aFptMLUhJSpKlDMZQOoF68oP/AFR6Qfh8aad8hOLXMyWN1kYQOkVqngOCVD50Ts/dtAJ66vGK02x1f9XyNXMIPLzyoZJBrZKQUHEerHLmT86A2xsJtaEoKyIUToOKYE1uJQfZPhQ98PVyI117qQzKd3fQSOurIJGg4YvrWSLS0Kuj9JGLIRKdQdJ0mtnexaxbPFv1sA05T1v9pNYbttsvojBbnCYPSOY/Vy6nqzi8Y4TpMptOkawgpK3f0CL3dRstqT0ihJ5Dgqazf2La/er8k1s2l8W7NlbqcRIAJJIywlQJIBMkAd5NQO2mpP3SoGIE4tCmPdnT1onQ7Mn9i2/3q/JNONzG/wB6vyTWoNttcWl56dbhgSsk5dp56VL7Waieic0J1E5Tww9ho1INL7FFrui10cdIo5nOE8xSVug1+8X/ALa0GtsNhOSHIMmeqQIKQcwc81J0HHvqCNsJJJwkJCSc4kkBJgcNFHj+GptBpkVNbrNhsAOLyAzy51Zbbso4uLPef4x8pFEI2ygJgIcJEDIJ4qCNcXOPAg6Ga0bZQUAoaESO4kGrTJcWuZkvbupGjjg149oHGrkbDTKeurQcq03xke4/EUkajuqiQM7FT7SvdQV9u+hQhS1QY4DUGa31pj+2fwqi40BqXuUnTMS73Ytg0OleUlCc8XVTE8JUDlJOXM1Rs5NiCG7dSVwNYAUdZnqgq76W9YBdtQ7HQqUrEFKKUlQAwhRSDGp4HU0HvQw2hDakJQl0Kb6MoBSoniMIbSCIwk5mDAzxGs5SpmygpRVvma32db8Wx4BNWDZ1vAGFUAQI4CZ59tU3F6EKCClRKoiBIzMc+GXnVSNsIIBCHIJgdXjlA14hSY76q0c6i30CPsW2J9Vc95/5VXtDdJtxwrLpTPCAefZ20vthsLiFHrJSCIIOKQDrMZeWYmilbeScH3agohJIMZArCTmJnIkju4UKSKUH2FszdptsCHFHCTw5knj31o/ZqfaPkKGsdvNKwpwrGKSCQIEEjMzlOBcc8J7Jj+0LcTgcPVxQAkmMv4tc/MEaginqQnjbfIMOzUiOsfGKVQVc4whQBHrCDEgpUUnQkapNKqsnQjmXlhYwLSlSVagz9aoZ2e00oLSiVcCoqVHdJyp6VRLmbwboN6c9lL0g9lNSrQyDLJ4wdKkHIUqEpnKTGZ7zxpUqBMdT57NaiblUcOPxpqVABbTxwnT1jRN1ckHKPKlSoAH+0Vxon+UVddPElMxofhSpUpAQU6c9NPnWYrd61CyoMpmCqJVhn8s4fdSpVMzWDYVtJ4hGUet8hWZ6Wrs99PSqzMKadJQtR1ByoQvk6gacqVKkBuWa+okAADCnICBomnJpUqhlEkuHAe6nbcM+f9QpUqsgZ9Zg9yvjTIeOIaaCmpUAHI0Pd8jQl2cKQBpHHvNKlSY0Zbz4exNOoQtBMQQco0IIMg9tZdtstlpWNCBiGhJJjXSTSpVEuZqm9JpF89lSS+eylSqjnJ2zkKJCUg8SBmddeda77hy7qalTQ0TtXDCv1wpBw0qVAyjaLhlPdSpUqYH/2Q==','2022-10-21',_binary '\0','Kinh doanh cầm đồ: Thủ tục bắt buộc gồm những gì',1),(15,'Khi bạn đang cần gấp một số tiền mà không biết xoay chúng ở đâu ra thì giải pháp tốt nhất đó là cầm cavet xe. Vậy cầm giấy tờ xe thì chúng ta có được bao nhiêu tiền và địa chỉ nào uy tín để chúng ta cầm đồ.','https://vaysieutoc.vn/wp-content/uploads/2021/09/Cam-cavet-xe-may.jpeg','2022-10-20',_binary '','Cầm đồ bằng carvet xe nhanh chóng',1),(16,'Ngày nay có rất nhiều hình thức hỗ trợ tài chính như: Vay ngân hàng; thế chấp đất… Bạn sẽ thấy rất nhiều hiện nay tràn ngập mọi nơi. Nhưng phổ biến hiện nay nhất có lẽ là hình thức cầm đồ.nắm bắt được điều đó ngày nay đã có dịch vụ cầm xe máy trả góp tại Buôn Ma Thuột đã sinh ra đời để hỗ trợ cấp tốc nhu cầu tài chính để bạn có thể giải quyết công việc của mình một cách nhanh nhất và tối ưu nhất.','https://camdopro.com/wp-content/uploads/2020/08/dich-vu-cam-xe-may-tai-tp-buon-ma-thuot-dak-lak.jpg','2022-10-19',_binary '','Cầm xe máy trả góp ở Buôn Ma Thuột',1),(17,'Nếu như một ngày may mắn bạn được trúng Vietlott thì bạn đã biết đến địa điểm nào để nhận thưởng chưa? Bài viết sau đây sẽ tổng hợp đầy đủ các địa điểm bạn có thể đến đổi thưởng, tốt nhất bạn nên lưu lại đâu đó trong sổ tay hoặc điện thoại, biết đâu mai này lại dùng đến.','https://tuandat.net/wp-content/uploads/2021/01/Tep_003-scaled.jpeg','2022-10-18',_binary '','Trúng vietlot nhận thưởng ở đâu cho an toàn',1),(18,'Ra đời cách đây khoảng 3.000 năm, cầm đồ được xem là hình thức cho vay tài chính sớm nhất trong lịch sử. Ngày nay, hoạt động này đã phổ biến toàn cầu và được xếp vào loại hình dịch vụ tài chính vi mô. Tuy nhiên, không phải ai cũng hiểu đúng về hình thức vay này.','https://i.imgur.com/dfj4OKt.jpg','2022-10-16',_binary '','Giải mã thị trường cầm đồ hoá toàn cầu',1),(19,'Biển cả có lúc lặng yên, lúc bão bùng, cuộc đời cũng có lúc lên xuống, không thể tránh khỏi những tình huống bạn cần vay tiền lấy liền. Nhìn lại bản thân cũng không có bất cứ khoản tích lũy nào. Vậy làm thế nào để có tiền trong vòng vài phút cho những trường hợp khẩn cấp? Cần tiền gấp vay ở đâu? Trong bài viết này, CashBerry sẽ gợi ý cho bạn! ','https://nld.mediacdn.vn/zoom/700_438/291774122806476800/2021/12/18/f881-16398209682551021010454.png','2022-09-12',_binary '','FastMoney - Cần tiền vay liền,có tiền dùng ngay',1),(20,'Camdonhanh xuất phát từ ý tưởng thay đổi định kiến về dịch vụ cầm đồ, khiến dịch vụ này trở nên an toàn và tiện lợi hơn cho mọi khách hàng. Khách hàng không còn phải đến các tiệm cầm đồ với tâm lý e ngại về lãi suất cao và tài sản không đảm bảo, thay vào đó, camdonhanh hứa hẹn mang đến sự phục vụ tốt nhất với mô hình hỗ trợ tài chính hợp pháp.','https://static.mservice.io/img/momo-upload-api-220707143927-637928015673011094.jpg','2022-09-10',_binary '','Sứ mệnh với dịch vụ cầm đồ',1),(21,'ádasdasd','https://firebasestorage.googleapis.com/v0/b/upload-img-27847.appspot.com/o/16667692371692-16004231476771743833129.jpg?alt=media&token=a47c1cc4-bdac-402f-a50e-cea6eb7f4307','2022-10-26',_binary '\0','Sim số đẹp',1),(22,'sdsdsds','https://firebasestorage.googleapis.com/v0/b/upload-img-27847.appspot.com/o/1666769876739Vector-Smart-Object-copy-164.jpg?alt=media&token=7c81e802-75d0-4f9d-81f9-4fd766df8e73','2022-10-26',_binary '\0','qưdwqdwd',1);
/*!40000 ALTER TABLE `news` ENABLE KEYS */;
UNLOCK TABLES;

--
-- Table structure for table `pawn_img`
--

DROP TABLE IF EXISTS `pawn_img`;
/*!40101 SET @saved_cs_client     = @@character_set_client */;
/*!50503 SET character_set_client = utf8mb4 */;
CREATE TABLE `pawn_img` (
  `id` bigint NOT NULL AUTO_INCREMENT,
  `img_url` text,
  `status_delete` bit(1) DEFAULT NULL,
  `pawn_item_id` bigint DEFAULT NULL,
  PRIMARY KEY (`id`),
  KEY `FKjbw6vvqh495c47j1l1fuwf2cy` (`pawn_item_id`),
  CONSTRAINT `FKjbw6vvqh495c47j1l1fuwf2cy` FOREIGN KEY (`pawn_item_id`) REFERENCES `pawn_item` (`id`)
) ENGINE=InnoDB AUTO_INCREMENT=28 DEFAULT CHARSET=utf8mb4 COLLATE=utf8mb4_0900_ai_ci;
/*!40101 SET character_set_client = @saved_cs_client */;

--
-- Dumping data for table `pawn_img`
--

LOCK TABLES `pawn_img` WRITE;
/*!40000 ALTER TABLE `pawn_img` DISABLE KEYS */;
INSERT INTO `pawn_img` VALUES (1,'https://firebasestorage.googleapis.com/v0/b/upload-img-27847.appspot.com/o/pawn-shop%2F2022-10-26%2001%3A49%3A03Bang-gia-Honda-Wave-Alpha-110-dau-thang-9-2022-bat-ngo-giam-manh-wave1-1662127253-586-width740height555.jpg?alt=media&token=3ea11c26-834f-4c96-a8ac-aaec70d8c302',_binary '',1),(2,'https://firebasestorage.googleapis.com/v0/b/upload-img-27847.appspot.com/o/2022-10-25%2011%3A03%3A13dell-vostro-15-5515-ryzen-5-5500u-8gb-256gb-radeon_637697851508418101.jpg?alt=media&token=870b8694-926d-4d89-956c-8419adf61f95',_binary '',2),(3,'https://firebasestorage.googleapis.com/v0/b/upload-img-27847.appspot.com/o/2022-10-25%2011%3A06%3A44tu-lanh-sharp-sj-xp660pg-mr_1622722083.jpg?alt=media&token=9a2dbb58-98fa-4922-ab7c-927140723cd4',_binary '',3),(5,'https://firebasestorage.googleapis.com/v0/b/upload-img-27847.appspot.com/o/2022-10-25%2011%3A11%3A33hinh-anh-gia-VinFast-Lux-SA2.0-ban-tieu-chuan-base-tra-gop-mau-do-red.png?alt=media&token=d20c4016-3c49-43ac-b63d-e673b27174a8',_binary '',5),(6,'https://firebasestorage.googleapis.com/v0/b/upload-img-27847.appspot.com/o/2022-10-25%2011%3A15%3A262-16004231476771743833129.jpg?alt=media&token=20e68cf1-322f-451a-84f4-ed08b10964c3',_binary '',6),(7,'https://firebasestorage.googleapis.com/v0/b/upload-img-27847.appspot.com/o/2022-10-25%2011%3A18%3A29tong-quan-thuong-hieu-tui-xach-hermes.3.jpg?alt=media&token=09a9d82e-d7f6-41aa-8a10-647e4cf4cf46',_binary '',7),(8,'https://firebasestorage.googleapis.com/v0/b/upload-img-27847.appspot.com/o/2022-10-25%2011%3A19%3A55ad995a75baf74a4ba7e55c8641815528_eos-1500d_b4.png?alt=media&token=289a2788-468b-4d79-b549-fb1ec4a0d1ae',_binary '',8),(10,'https://firebasestorage.googleapis.com/v0/b/upload-img-27847.appspot.com/o/2022-10-25%2011%3A22%3A27p_30150_OPTOMA-SA500.jpg?alt=media&token=1ebdf36d-503c-4291-a529-d725bde4ef77',_binary '',10),(11,'https://firebasestorage.googleapis.com/v0/b/upload-img-27847.appspot.com/o/pawn-shop%2F2022-10-26%2001%3A49%3A03Bang-gia-Honda-Wave-Alpha-110-dau-thang-9-2022-bat-ngo-giam-manh-wave1-1662127253-586-width740height555.jpg?alt=media&token=3ea11c26-834f-4c96-a8ac-aaec70d8c302',_binary '\0',4),(12,'https://firebasestorage.googleapis.com/v0/b/upload-img-27847.appspot.com/o/pawn-shop%2F2022-10-26%2001%3A55%3A04Samsung%20Galaxy%20S22%205G%20128GB.jpg?alt=media&token=d8d68955-d176-409b-b6ff-a1d9aa66fb80',_binary '\0',18),(13,'https://firebasestorage.googleapis.com/v0/b/upload-img-27847.appspot.com/o/pawn-shop%2F2022-10-26%2001%3A55%3A15tu-lanh-sharp-sj-xp660pg-mr_1622722083.jpg?alt=media&token=e65505bb-5a09-4d60-9491-85a6ea0852d6',_binary '\0',19),(14,'https://firebasestorage.googleapis.com/v0/b/upload-img-27847.appspot.com/o/pawn-shop%2F2022-10-26%2001%3A56%3A09Air%20Blade%20125.png?alt=media&token=d0ed5658-9a1c-4343-a19d-fa96f8133cd5',_binary '\0',17),(15,'https://firebasestorage.googleapis.com/v0/b/upload-img-27847.appspot.com/o/pawn-shop%2F2022-10-26%2001%3A57%3A31824f0fc2-20200514_072621.jpg?alt=media&token=8a1f4c6f-2b13-46f7-85cb-2aa6aa73b319',_binary '\0',12),(16,'https://firebasestorage.googleapis.com/v0/b/upload-img-27847.appspot.com/o/pawn-shop%2F2022-10-26%2001%3A58%3A38images.jpg?alt=media&token=30567c9a-1020-49a9-92b8-f4208fb89718',_binary '\0',9),(17,'https://firebasestorage.googleapis.com/v0/b/upload-img-27847.appspot.com/o/pawn-shop%2F2022-10-26%2001%3A58%3A40EFR%20526L.png?alt=media&token=44341665-3ea2-4e79-bbdb-a1df05fce5ca',_binary '\0',9),(18,'https://firebasestorage.googleapis.com/v0/b/upload-img-27847.appspot.com/o/pawn-shop%2F2022-10-26%2001%3A58%3A58gd0000y000885-day-chuyen-vang-18k-pnj-01.png?alt=media&token=193fbe23-b91c-49c5-9ff5-a0cc52b0baea',_binary '\0',11),(19,'https://firebasestorage.googleapis.com/v0/b/upload-img-27847.appspot.com/o/pawn-shop%2F2022-10-26%2001%3A59%3A54image-removebg-preview-10.png?alt=media&token=757b0995-b602-4024-879b-a4bafec9a561',_binary '\0',14),(20,'https://firebasestorage.googleapis.com/v0/b/upload-img-27847.appspot.com/o/pawn-shop%2F2022-10-26%2002%3A04%3A40tu-lanh-sharp-sj-xp660pg-mr_1622722083.jpg?alt=media&token=32da91b9-fa3c-40a0-8f89-6f2d98347936',_binary '\0',21),(21,'https://firebasestorage.googleapis.com/v0/b/upload-img-27847.appspot.com/o/2022-10-26%2002%3A18%3A26images.jpg?alt=media&token=0cab536c-c006-4999-8f22-ca091ff39783',_binary '',22),(22,'https://firebasestorage.googleapis.com/v0/b/upload-img-27847.appspot.com/o/2022-10-26%2002%3A36%3A30hinh-anh-gia-VinFast-Lux-SA2.0-ban-tieu-chuan-base-tra-gop-mau-do-red.png?alt=media&token=b2bd4bc0-3319-49f1-b225-3bd8926c9b1d',_binary '',23),(23,'https://firebasestorage.googleapis.com/v0/b/upload-img-27847.appspot.com/o/2022-10-26%2002%3A36%3A30hinh-anh-gia-VinFast-Lux-SA2.0-ban-tieu-chuan-base-tra-gop-mau-do-red.png?alt=media&token=b2bd4bc0-3319-49f1-b225-3bd8926c9b1d',_binary '',23),(24,'https://firebasestorage.googleapis.com/v0/b/upload-img-27847.appspot.com/o/2022-10-26%2002%3A37%3A09hinh-anh-gia-VinFast-Lux-SA2.0-ban-tieu-chuan-base-tra-gop-mau-do-red.png?alt=media&token=8f329d2b-7ca3-40dd-9bb2-4b9a1083e015',_binary '',23),(25,'https://firebasestorage.googleapis.com/v0/b/upload-img-27847.appspot.com/o/pawn-shop%2F2022-10-26%2002%3A48%3A46download.jpg?alt=media&token=f45500fb-fba4-4e25-9f2a-f2a63f84fe50',_binary '\0',24),(26,'https://firebasestorage.googleapis.com/v0/b/upload-img-27847.appspot.com/o/2022-10-26%2002%3A50%3A28Bang-gia-Honda-Wave-Alpha-110-dau-thang-9-2022-bat-ngo-giam-manh-wave1-1662127253-586-width740height555.jpg?alt=media&token=d24a1d8d-e19f-4ff4-9e9a-5348b6f6c074',_binary '',25),(27,'https://firebasestorage.googleapis.com/v0/b/upload-img-27847.appspot.com/o/2022-10-26%2003%3A06%3A47images%20(1).jpg?alt=media&token=eb10f47c-06a8-41dd-8f9d-ba8b8379f9d2',_binary '',26);
/*!40000 ALTER TABLE `pawn_img` ENABLE KEYS */;
UNLOCK TABLES;

--
-- Table structure for table `pawn_item`
--

DROP TABLE IF EXISTS `pawn_item`;
/*!40101 SET @saved_cs_client     = @@character_set_client */;
/*!50503 SET character_set_client = utf8mb4 */;
CREATE TABLE `pawn_item` (
  `id` bigint NOT NULL AUTO_INCREMENT,
  `name` varchar(100) DEFAULT NULL,
  `status` bit(1) DEFAULT NULL,
  `pawn_type_id` bigint DEFAULT NULL,
  PRIMARY KEY (`id`),
  KEY `FK3s52lyqlmk13kyyxk79f88inu` (`pawn_type_id`),
  CONSTRAINT `FK3s52lyqlmk13kyyxk79f88inu` FOREIGN KEY (`pawn_type_id`) REFERENCES `pawn_type` (`id`)
) ENGINE=InnoDB AUTO_INCREMENT=28 DEFAULT CHARSET=utf8mb4 COLLATE=utf8mb4_0900_ai_ci;
/*!40101 SET character_set_client = @saved_cs_client */;

--
-- Dumping data for table `pawn_item`
--

LOCK TABLES `pawn_item` WRITE;
/*!40000 ALTER TABLE `pawn_item` DISABLE KEYS */;
INSERT INTO `pawn_item` VALUES (1,'Dây chuyền vàng',_binary '\0',1),(2,'Dell Vostro 5515',_binary '\0',4),(3,'Tủ lạnh Sharp Inverter',_binary '\0',7),(4,'Yamaha Exciter 150',_binary '\0',9),(5,'Ô tô VinFast Lux SA2.0',_binary '',10),(6,'0666777888',_binary '',12),(7,'Túi xách Hermes Paris',_binary '\0',2),(8,'Máy ảnh Cannon EOS 1500D',_binary '',8),(9,'MINDS Rolex Daytona',_binary '\0',5),(10,'Máy chiếu',_binary '\0',1),(11,'Dây chuyền',_binary '\0',11),(12,'Ô tô VinFast Prsident',_binary '\0',10),(13,'0988126789',_binary '\0',12),(14,'IPhone 13 ProMax',_binary '',3),(15,'IPhone 14 ProMax',_binary '\0',3),(16,'Túi xách Hermes Kelly',_binary '\0',2),(17,'Honda Air Balade',_binary '\0',9),(18,'IPhone 14 ProMax',_binary '',3),(19,'Tủ lạnh Samsung RT19M300PGS',_binary '\0',7),(20,'IPhone 14 ProMax',_binary '\0',3),(21,'Tủ lạnh Toshiba',_binary '',7),(22,'IP10000000',_binary '',2),(23,'IP10000000',_binary '',2),(24,'Casio',_binary '',5),(25,'wave alpha',_binary '',9),(26,'IP10000000',_binary '',1),(27,'',_binary '',9);
/*!40000 ALTER TABLE `pawn_item` ENABLE KEYS */;
UNLOCK TABLES;

--
-- Table structure for table `pawn_type`
--

DROP TABLE IF EXISTS `pawn_type`;
/*!40101 SET @saved_cs_client     = @@character_set_client */;
/*!50503 SET character_set_client = utf8mb4 */;
CREATE TABLE `pawn_type` (
  `id` bigint NOT NULL AUTO_INCREMENT,
  `name` varchar(100) DEFAULT NULL,
  PRIMARY KEY (`id`)
) ENGINE=InnoDB AUTO_INCREMENT=13 DEFAULT CHARSET=utf8mb4 COLLATE=utf8mb4_0900_ai_ci;
/*!40101 SET character_set_client = @saved_cs_client */;

--
-- Dumping data for table `pawn_type`
--

LOCK TABLES `pawn_type` WRITE;
/*!40000 ALTER TABLE `pawn_type` DISABLE KEYS */;
INSERT INTO `pawn_type` VALUES (1,'Trang Sức'),(2,'Túi Hiệu'),(3,'Điện Thoại'),(4,'Laptop'),(5,'Đồng hồ'),(6,'Nhà Đất'),(7,'Đồ Gia Dụng'),(8,'Máy Ảnh'),(9,'Xe Máy'),(10,'Ô Tô'),(11,'Đồ Văn Phòng'),(12,'Sim Số Đẹp');
/*!40000 ALTER TABLE `pawn_type` ENABLE KEYS */;
UNLOCK TABLES;

--
-- Table structure for table `user_role`
--

DROP TABLE IF EXISTS `user_role`;
/*!40101 SET @saved_cs_client     = @@character_set_client */;
/*!50503 SET character_set_client = utf8mb4 */;
CREATE TABLE `user_role` (
  `app_role_id` bigint NOT NULL,
  `app_user_id` bigint NOT NULL,
  PRIMARY KEY (`app_role_id`,`app_user_id`),
  KEY `FKj16wg2x08hwytvgys4y9idf4b` (`app_user_id`),
  CONSTRAINT `FKbcrg4je9i9jbl5sk02ydxme1b` FOREIGN KEY (`app_role_id`) REFERENCES `app_role` (`id`),
  CONSTRAINT `FKj16wg2x08hwytvgys4y9idf4b` FOREIGN KEY (`app_user_id`) REFERENCES `app_user` (`id`)
) ENGINE=InnoDB DEFAULT CHARSET=utf8mb4 COLLATE=utf8mb4_0900_ai_ci;
/*!40101 SET character_set_client = @saved_cs_client */;

--
-- Dumping data for table `user_role`
--

LOCK TABLES `user_role` WRITE;
/*!40000 ALTER TABLE `user_role` DISABLE KEYS */;
INSERT INTO `user_role` VALUES (2,1),(1,2),(1,3),(1,4),(1,5),(1,6),(1,7),(1,8),(1,9),(1,10),(1,11),(1,12),(1,13),(1,14),(1,15),(1,16),(1,17),(1,18),(1,19),(1,20);
/*!40000 ALTER TABLE `user_role` ENABLE KEYS */;
UNLOCK TABLES;
/*!40103 SET TIME_ZONE=@OLD_TIME_ZONE */;

/*!40101 SET SQL_MODE=@OLD_SQL_MODE */;
/*!40014 SET FOREIGN_KEY_CHECKS=@OLD_FOREIGN_KEY_CHECKS */;
/*!40014 SET UNIQUE_CHECKS=@OLD_UNIQUE_CHECKS */;
/*!40101 SET CHARACTER_SET_CLIENT=@OLD_CHARACTER_SET_CLIENT */;
/*!40101 SET CHARACTER_SET_RESULTS=@OLD_CHARACTER_SET_RESULTS */;
/*!40101 SET COLLATION_CONNECTION=@OLD_COLLATION_CONNECTION */;
/*!40111 SET SQL_NOTES=@OLD_SQL_NOTES */;

-- Dump completed on 2022-10-26 17:10:12
